[{"pk": 11, "model": "contenttypes.contenttype", "fields": {"model": "assignedkeyword", "name": "assigned keyword", "app_label": "generic"}}, {"pk": 14, "model": "contenttypes.contenttype", "fields": {"model": "blogcategory", "name": "Blog Category", "app_label": "blog"}}, {"pk": 37, "model": "contenttypes.contenttype", "fields": {"model": "blogcategory", "name": "Blog Category", "app_label": "blog_fork"}}, {"pk": 13, "model": "contenttypes.contenttype", "fields": {"model": "blogpost", "name": "Blog post", "app_label": "blog"}}, {"pk": 36, "model": "contenttypes.contenttype", "fields": {"model": "blogpost", "name": "Blog post", "app_label": "blog_fork"}}, {"pk": 29, "model": "contenttypes.contenttype", "fields": {"model": "bookmark", "name": "Bookmark", "app_label": "grappelli_safe"}}, {"pk": 30, "model": "contenttypes.contenttype", "fields": {"model": "bookmarkitem", "name": "Bookmark Item", "app_label": "grappelli_safe"}}, {"pk": 34, "model": "contenttypes.contenttype", "fields": {"model": "comment", "name": "comment", "app_label": "comments"}}, {"pk": 9, "model": "contenttypes.contenttype", "fields": {"model": "threadedcomment", "name": "Comment", "app_label": "generic"}}, {"pk": 35, "model": "contenttypes.contenttype", "fields": {"model": "commentflag", "name": "comment flag", "app_label": "comments"}}, {"pk": 4, "model": "contenttypes.contenttype", "fields": {"model": "contenttype", "name": "content type", "app_label": "contenttypes"}}, {"pk": 16, "model": "contenttypes.contenttype", "fields": {"model": "field", "name": "Field", "app_label": "forms"}}, {"pk": 15, "model": "contenttypes.contenttype", "fields": {"model": "form", "name": "Form", "app_label": "forms"}}, {"pk": 17, "model": "contenttypes.contenttype", "fields": {"model": "formentry", "name": "Form entry", "app_label": "forms"}}, {"pk": 18, "model": "contenttypes.contenttype", "fields": {"model": "fieldentry", "name": "Form field entry", "app_label": "forms"}}, {"pk": 22, "model": "contenttypes.contenttype", "fields": {"model": "gallery", "name": "Gallery", "app_label": "galleries"}}, {"pk": 2, "model": "contenttypes.contenttype", "fields": {"model": "group", "name": "group", "app_label": "auth"}}, {"pk": 31, "model": "contenttypes.contenttype", "fields": {"model": "help", "name": "Help", "app_label": "grappelli_safe"}}, {"pk": 32, "model": "contenttypes.contenttype", "fields": {"model": "helpitem", "name": "Help Entry", "app_label": "grappelli_safe"}}, {"pk": 23, "model": "contenttypes.contenttype", "fields": {"model": "galleryimage", "name": "Image", "app_label": "galleries"}}, {"pk": 10, "model": "contenttypes.contenttype", "fields": {"model": "keyword", "name": "Keyword", "app_label": "generic"}}, {"pk": 21, "model": "contenttypes.contenttype", "fields": {"model": "link", "name": "Link", "app_label": "pages"}}, {"pk": 33, "model": "contenttypes.contenttype", "fields": {"model": "logentry", "name": "log entry", "app_label": "admin"}}, {"pk": 26, "model": "contenttypes.contenttype", "fields": {"model": "migrationhistory", "name": "migration history", "app_label": "south"}}, {"pk": 27, "model": "contenttypes.contenttype", "fields": {"model": "navigation", "name": "Navigation", "app_label": "grappelli_safe"}}, {"pk": 28, "model": "contenttypes.contenttype", "fields": {"model": "navigationitem", "name": "Navigation Item", "app_label": "grappelli_safe"}}, {"pk": 19, "model": "contenttypes.contenttype", "fields": {"model": "page", "name": "Page", "app_label": "pages"}}, {"pk": 1, "model": "contenttypes.contenttype", "fields": {"model": "permission", "name": "permission", "app_label": "auth"}}, {"pk": 12, "model": "contenttypes.contenttype", "fields": {"model": "rating", "name": "Rating", "app_label": "generic"}}, {"pk": 5, "model": "contenttypes.contenttype", "fields": {"model": "redirect", "name": "redirect", "app_label": "redirects"}}, {"pk": 20, "model": "contenttypes.contenttype", "fields": {"model": "richtextpage", "name": "Rich text page", "app_label": "pages"}}, {"pk": 6, "model": "contenttypes.contenttype", "fields": {"model": "session", "name": "session", "app_label": "sessions"}}, {"pk": 8, "model": "contenttypes.contenttype", "fields": {"model": "setting", "name": "Setting", "app_label": "conf"}}, {"pk": 7, "model": "contenttypes.contenttype", "fields": {"model": "site", "name": "site", "app_label": "sites"}}, {"pk": 25, "model": "contenttypes.contenttype", "fields": {"model": "tweet", "name": "Tweet", "app_label": "twitter"}}, {"pk": 24, "model": "contenttypes.contenttype", "fields": {"model": "query", "name": "Twitter query", "app_label": "twitter"}}, {"pk": 3, "model": "contenttypes.contenttype", "fields": {"model": "user", "name": "user", "app_label": "auth"}}, {"pk": "7111dc91e5e2c199255a1757aeb99250", "model": "sessions.session", "fields": {"expire_date": "2012-06-22T08:41:45.113Z", "session_data": "NjRjM2Y2ZGU3OWM4YzA1MmU0MDhhYjAwN2I5NzNkYmZjZGQyNDEyNzqAAn1xAShVEl9hdXRoX3Vz\nZXJfYmFja2VuZHECVS1tZXp6YW5pbmUuY29yZS5hdXRoX2JhY2tlbmRzLk1lenphbmluZUJhY2tl\nbmRxA1UNX2F1dGhfdXNlcl9pZHEESwF1Lg==\n"}}, {"pk": "bc536845463c69d6495fa80fdeac6fcb", "model": "sessions.session", "fields": {"expire_date": "2012-06-27T07:04:22.742Z", "session_data": "NjRjM2Y2ZGU3OWM4YzA1MmU0MDhhYjAwN2I5NzNkYmZjZGQyNDEyNzqAAn1xAShVEl9hdXRoX3Vz\nZXJfYmFja2VuZHECVS1tZXp6YW5pbmUuY29yZS5hdXRoX2JhY2tlbmRzLk1lenphbmluZUJhY2tl\nbmRxA1UNX2F1dGhfdXNlcl9pZHEESwF1Lg==\n"}}, {"pk": "65c6dd793a387c1bd34791d16919703c", "model": "sessions.session", "fields": {"expire_date": "2012-06-27T22:38:57.188Z", "session_data": "YzUyZDA4NzM2NGQwNWI3YWRmMTU4NmYxOGFmMThlZTViZTIwMWI2ZjqAAn1xAS4=\n"}}, {"pk": "e62465820f977f6a4bde953d6add2a60", "model": "sessions.session", "fields": {"expire_date": "2012-06-29T07:26:59.316Z", "session_data": "NjRjM2Y2ZGU3OWM4YzA1MmU0MDhhYjAwN2I5NzNkYmZjZGQyNDEyNzqAAn1xAShVEl9hdXRoX3Vz\nZXJfYmFja2VuZHECVS1tZXp6YW5pbmUuY29yZS5hdXRoX2JhY2tlbmRzLk1lenphbmluZUJhY2tl\nbmRxA1UNX2F1dGhfdXNlcl9pZHEESwF1Lg==\n"}}, {"pk": 1, "model": "sites.site", "fields": {"domain": "127.0.0.1:8000", "name": "Default"}}, {"pk": 1, "model": "conf.setting", "fields": {"site": 1, "value": "", "name": "BLOG_BITLY_USER"}}, {"pk": 2, "model": "conf.setting", "fields": {"site": 1, "value": "", "name": "GOOGLE_ANALYTICS_ID"}}, {"pk": 3, "model": "conf.setting", "fields": {"site": 1, "value": "True", "name": "COMMENTS_UNAPPROVED_VISIBLE"}}, {"pk": 4, "model": "conf.setting", "fields": {"site": 1, "value": "", "name": "BLOG_BITLY_KEY"}}, {"pk": 5, "model": "conf.setting", "fields": {"site": 1, "value": "10", "name": "MAX_PAGING_LINKS"}}, {"pk": 6, "model": "conf.setting", "fields": {"site": 1, "value": "False", "name": "SSL_ENABLED"}}, {"pk": 7, "model": "conf.setting", "fields": {"site": 1, "value": "letmeupgradeyou", "name": "COMMENTS_DISQUS_SHORTNAME"}}, {"pk": 8, "model": "conf.setting", "fields": {"site": 1, "value": "10", "name": "SEARCH_PER_PAGE"}}, {"pk": 9, "model": "conf.setting", "fields": {"site": 1, "value": "Any text can be placed here", "name": "SITE_TAGLINE"}}, {"pk": 10, "model": "conf.setting", "fields": {"site": 1, "value": "True", "name": "COMMENTS_REMOVED_VISIBLE"}}, {"pk": 11, "model": "conf.setting", "fields": {"site": 1, "value": "", "name": "SSL_FORCE_HOST"}}, {"pk": 12, "model": "conf.setting", "fields": {"site": 1, "value": "5", "name": "COMMENTS_NUM_LATEST"}}, {"pk": 13, "model": "conf.setting", "fields": {"site": 1, "value": "Let Me UpGrade You", "name": "SITE_TITLE"}}, {"pk": 14, "model": "conf.setting", "fields": {"site": 1, "value": "4", "name": "TAG_CLOUD_SIZES"}}, {"pk": 15, "model": "conf.setting", "fields": {"site": 1, "value": "5", "name": "BLOG_POST_PER_PAGE"}}, {"pk": 16, "model": "conf.setting", "fields": {"site": 1, "value": "uQ4OQIIeiHfUrUIlANWxCnGg45x5YAya00lhYCscSLmKezFW5NKzqF23aL8cksnU", "name": "COMMENTS_DISQUS_API_PUBLIC_KEY"}}, {"pk": 17, "model": "conf.setting", "fields": {"site": 1, "value": "tXZTwtjya832s826UE1z3kncwCEnZHaSq1Ls2rMyznnMsgrWSkqWvn3uKSWS913w", "name": "COMMENTS_DISQUS_API_SECRET_KEY"}}, {"pk": 18, "model": "conf.setting", "fields": {"site": 1, "value": "False", "name": "COMMENTS_ACCOUNT_REQUIRED"}}, {"pk": 19, "model": "conf.setting", "fields": {"site": 1, "value": "", "name": "AKISMET_API_KEY"}}, {"pk": 20, "model": "conf.setting", "fields": {"site": 1, "value": "1", "name": "RICHTEXT_FILTER_LEVEL"}}, {"pk": 21, "model": "conf.setting", "fields": {"site": 1, "value": "True", "name": "COMMENTS_DEFAULT_APPROVED"}}, {"pk": 3, "model": "generic.keyword", "fields": {"slug": "simple", "site": 1, "title": "simple"}}, {"pk": 2, "model": "generic.keyword", "fields": {"slug": "first", "site": 1, "title": "first"}}, {"pk": 1, "model": "generic.keyword", "fields": {"slug": "post", "site": 1, "title": "post"}}, {"pk": 1, "model": "generic.assignedkeyword", "fields": {"object_pk": 1, "_order": 0, "content_type": 36, "keyword": 1}}, {"pk": 3, "model": "generic.assignedkeyword", "fields": {"object_pk": 3, "_order": 0, "content_type": 36, "keyword": 1}}, {"pk": 2, "model": "generic.assignedkeyword", "fields": {"object_pk": 1, "_order": 1, "content_type": 36, "keyword": 2}}, {"pk": 4, "model": "generic.assignedkeyword", "fields": {"object_pk": 3, "_order": 1, "content_type": 36, "keyword": 3}}, {"pk": 1, "model": "generic.rating", "fields": {"object_pk": 1, "content_type": 13, "value": 4}}, {"pk": 2, "model": "generic.rating", "fields": {"object_pk": 2, "content_type": 36, "value": 5}}, {"pk": 3, "model": "generic.rating", "fields": {"object_pk": 1, "content_type": 36, "value": 2}}, {"pk": 4, "model": "generic.rating", "fields": {"object_pk": 4, "content_type": 36, "value": 5}}, {"pk": 2, "model": "blog_fork.blogcategory", "fields": {"slug": "simple", "site": 1, "title": "Simple"}}, {"pk": 1, "model": "blog_fork.blogcategory", "fields": {"slug": "new-category", "site": 1, "title": "New category"}}, {"pk": 17, "model": "forms.form", "fields": {"email_message": "", "email_copies": "", "button_text": "Submit", "response": "<p>Thank you for your contribution.</p>", "content": "<p>You can upload any file here.</p>", "send_email": false, "email_subject": "", "email_from": ""}}, {"pk": 3, "model": "forms.form", "fields": {"email_message": "", "email_copies": "", "button_text": "Submit", "response": "<p>Thanks for getting in touch with us. We'll get back to you as soon as possible.</p>", "content": "<p>Fill in the form below to get in touch with us.</p>", "send_email": true, "email_subject": "", "email_from": ""}}, {"pk": 7, "model": "forms.field", "fields": {"field_type": 9, "_order": 0, "form": 17, "default": "", "required": true, "label": "File Upload", "visible": true, "help_text": "", "placeholder_text": "", "choices": ""}}, {"pk": 1, "model": "forms.field", "fields": {"field_type": 1, "_order": 0, "form": 3, "default": "", "required": true, "label": "Name", "visible": true, "help_text": "", "placeholder_text": "", "choices": ""}}, {"pk": 2, "model": "forms.field", "fields": {"field_type": 3, "_order": 1, "form": 3, "default": "", "required": true, "label": "Email", "visible": true, "help_text": "", "placeholder_text": "", "choices": ""}}, {"pk": 3, "model": "forms.field", "fields": {"field_type": 6, "_order": 2, "form": 3, "default": "", "required": true, "label": "Subject", "visible": true, "help_text": "", "placeholder_text": "", "choices": "Billing, Sales, Support"}}, {"pk": 4, "model": "forms.field", "fields": {"field_type": 2, "_order": 3, "form": 3, "default": "", "required": true, "label": "Message", "visible": true, "help_text": "", "placeholder_text": "", "choices": ""}}, {"pk": 5, "model": "forms.field", "fields": {"field_type": 14, "_order": 4, "form": 3, "default": "", "required": false, "label": "Site", "visible": true, "help_text": "", "placeholder_text": "", "choices": ""}}, {"pk": 6, "model": "forms.field", "fields": {"field_type": 9, "_order": 5, "form": 3, "default": "", "required": false, "label": "File Upload", "visible": true, "help_text": "", "placeholder_text": "", "choices": ""}}, {"pk": 1, "model": "pages.page", "fields": {"status": 2, "_order": 5, "titles": "Advertise", "description": "This is advertising page. Im not sure what exatcly is gonna be here.", "parent": null, "title": "Advertise", "in_footer": true, "short_url": null, "login_required": false, "site": 1, "keywords_string": "", "expiry_date": null, "publish_date": "2012-06-13T12:01:09.927Z", "content_model": "richtextpage", "in_navigation": true, "slug": "about", "gen_description": true}}, {"pk": 2, "model": "pages.page", "fields": {"status": 1, "_order": 0, "titles": "Blog", "description": "Blog", "parent": null, "title": "Blog", "in_footer": false, "short_url": null, "login_required": false, "site": 1, "keywords_string": "", "expiry_date": null, "publish_date": "2012-06-13T12:22:11Z", "content_model": "richtextpage", "in_navigation": false, "slug": "blog", "gen_description": true}}, {"pk": 8, "model": "pages.page", "fields": {"status": 2, "_order": 3, "titles": "Candids", "description": "A demo gallery of cities from around the world.", "parent": null, "title": "Candids", "in_footer": false, "short_url": null, "login_required": false, "site": 1, "keywords_string": "", "expiry_date": null, "publish_date": "2012-06-08T08:40:27Z", "content_model": "gallery", "in_navigation": true, "slug": "gallery", "gen_description": true}}, {"pk": 17, "model": "pages.page", "fields": {"status": 2, "_order": 0, "titles": "Candids / Upload Image", "description": "You can upload any file here.", "parent": 8, "title": "Upload Image", "in_footer": false, "short_url": null, "login_required": false, "site": 1, "keywords_string": "", "expiry_date": null, "publish_date": "2012-06-13T14:26:12.859Z", "content_model": "form", "in_navigation": true, "slug": "gallery/upload-image", "gen_description": true}}, {"pk": 3, "model": "pages.page", "fields": {"status": 2, "_order": 4, "titles": "Contact Us", "description": "Fill in the form below to get in touch with us.", "parent": null, "title": "Contact Us", "in_footer": true, "short_url": null, "login_required": false, "site": 1, "keywords_string": "", "expiry_date": null, "publish_date": "2012-06-13T11:59:30.331Z", "content_model": "form", "in_navigation": true, "slug": "contact", "gen_description": true}}, {"pk": 12, "model": "pages.page", "fields": {"status": 2, "_order": 2, "titles": "Downgrades", "description": "This page is showing posts with rating from 1 to 3.", "parent": null, "title": "Downgrades", "in_footer": false, "short_url": null, "login_required": false, "site": 1, "keywords_string": "", "expiry_date": null, "publish_date": "2012-06-13T14:17:02.990Z", "content_model": "richtextpage", "in_navigation": true, "slug": "poll/downgrade", "gen_description": true}}, {"pk": 15, "model": "pages.page", "fields": {"status": 2, "_order": 1, "titles": "Downgrades / Rate 1", "description": "Rate 1", "parent": 12, "title": "Rating 1", "in_footer": false, "short_url": null, "login_required": false, "site": 1, "keywords_string": "", "expiry_date": null, "publish_date": null, "content_model": "richtextpage", "in_navigation": true, "slug": "poll/1", "gen_description": true}}, {"pk": 14, "model": "pages.page", "fields": {"status": 2, "_order": 1, "titles": "Downgrades / Rate 2", "description": "Rate 2", "parent": 12, "title": "Rating 2", "in_footer": false, "short_url": null, "login_required": false, "site": 1, "keywords_string": "", "expiry_date": null, "publish_date": null, "content_model": "richtextpage", "in_navigation": true, "slug": "poll/2", "gen_description": true}}, {"pk": 13, "model": "pages.page", "fields": {"status": 2, "_order": 0, "titles": "Downgrades / Rate 3", "description": "Rate 3", "parent": 12, "title": "Rating 3", "in_footer": false, "short_url": null, "login_required": false, "site": 1, "keywords_string": "", "expiry_date": null, "publish_date": null, "content_model": "richtextpage", "in_navigation": true, "slug": "poll/3", "gen_description": true}}, {"pk": 16, "model": "pages.page", "fields": {"status": 2, "_order": 6, "titles": "FAQ", "description": "When you need more space and compare the costs of installing a\u00a0Mezzanine Floor\u00a0with the various costs associated when moving to larger premises or a bigger unit, then a mezzanine floor will pay for itself in a very short time. Installing a mezzanine floor will quickly give you the extra space you need with the minimum of disruption and impact on your business. You may need to inform your Landlord of the proposed changes, to make sure you comply with the terms and conditions of your lease. A free-standing mezzanine floor which is not attached to the building structure, will mean that the floor may not normally be subject to any additional rent or rates. First Floors can assist you with any Building and Fire Safety Regulations.", "parent": null, "title": "FAQ", "in_footer": true, "short_url": null, "login_required": false, "site": 1, "keywords_string": "", "expiry_date": null, "publish_date": "2012-06-13T12:25:53.989Z", "content_model": "richtextpage", "in_navigation": false, "slug": "faq", "gen_description": true}}, {"pk": 9, "model": "pages.page", "fields": {"status": 2, "_order": 1, "titles": "Upgrades", "description": "This page is for posts with 4 and 5 ratings.", "parent": null, "title": "Upgrades", "in_footer": false, "short_url": null, "login_required": false, "site": 1, "keywords_string": "", "expiry_date": null, "publish_date": "2012-06-13T14:17:40.359Z", "content_model": "richtextpage", "in_navigation": true, "slug": "poll/upgrade", "gen_description": true}}, {"pk": 11, "model": "pages.page", "fields": {"status": 2, "_order": 1, "titles": "Upgrades / Rate 4", "description": "Rate 4", "parent": 9, "title": "Rating 4", "in_footer": false, "short_url": null, "login_required": false, "site": 1, "keywords_string": "", "expiry_date": null, "publish_date": null, "content_model": "richtextpage", "in_navigation": true, "slug": "poll/4", "gen_description": true}}, {"pk": 10, "model": "pages.page", "fields": {"status": 2, "_order": 0, "titles": "Upgrades / Rate 5", "description": "Rate 5", "parent": 9, "title": "Rating 5", "in_footer": false, "short_url": null, "login_required": false, "site": 1, "keywords_string": "", "expiry_date": null, "publish_date": null, "content_model": "richtextpage", "in_navigation": true, "slug": "poll/5", "gen_description": true}}, {"pk": 13, "model": "pages.richtextpage", "fields": {"content": "<p>Rating 3</p>"}}, {"pk": 10, "model": "pages.richtextpage", "fields": {"content": "<p>Rating 5</p>"}}, {"pk": 2, "model": "pages.richtextpage", "fields": {"content": "<p>Blog</p>"}}, {"pk": 15, "model": "pages.richtextpage", "fields": {"content": "<p>Rating 1</p>"}}, {"pk": 9, "model": "pages.richtextpage", "fields": {"content": "<p>This page is for posts with 4 and 5 ratings.</p>"}}, {"pk": 11, "model": "pages.richtextpage", "fields": {"content": "<p>Rating 4</p>"}}, {"pk": 14, "model": "pages.richtextpage", "fields": {"content": "<p>Rating 2</p>"}}, {"pk": 12, "model": "pages.richtextpage", "fields": {"content": "<p>This page is showing posts with rating from 1 to 3.</p>"}}, {"pk": 1, "model": "pages.richtextpage", "fields": {"content": "<p>This is advertising page. Im not sure what exatcly is gonna be here.</p>"}}, {"pk": 16, "model": "pages.richtextpage", "fields": {"content": "<p>When you need more space and compare the costs of installing a\u00a0<a href=\"http://www.firstfloors.co.uk/mezzanine_floors.html\" title=\"Mezzanine Floors\">Mezzanine Floor</a>\u00a0with the various costs associated when moving to larger premises or a bigger unit, then a mezzanine floor will pay for itself in a very short time. Installing a mezzanine floor will quickly give you the extra space you need with the minimum of disruption and impact on your business. You may need to inform your Landlord of the proposed changes, to make sure you comply with the terms and conditions of your lease. A free-standing mezzanine floor which is not attached to the building structure, will mean that the floor may not normally be subject to any additional rent or rates. First Floors can assist you with any Building and Fire Safety Regulations.</p>\n<p>We have compiled a set of typical questions asked by our customers when purchasing a Mezzanine floor which cover the following areas:</p>\n<ul>\n<li>Site Surveys and Building Regulations</li>\n<li>Rates and Local Authorities.</li>\n<li>Dealing with your Landlords</li>\n<li>Fire Regulations</li>\n<li>Disabled Access</li>\n<li>Pricing and any other extra costs.</li>\n<li>Mezzanine Specifications &amp; Design ( Columns &amp; Loading )</li>\n<li>Preparation</li>\n<li>Impact on your Business</li>\n<li>Timescales &amp; Installation</li>\n</ul>\n<p>Q. Is a site survey required ?<br><br>A. A site survey is always recommended as it allows a member of our team to discuss in more detail requirements such as staircases, walkways, protected escape routes, loading requirements, reducing the number of columns under your new mezzanine floors. This will allow us to produce the most efficient design and allows us to offer you the best possible price.</p>\n<p>Q. Will the mezzanine floor require building regulation approval ?<br><br>A. Yes. Building Regulations is required for almost all mezzanine floor installations. First Floors will provide calculations , design and drawings to help support your application. We will submit these on your behalf.</p>\n<p>Q. Will First Floors (UK) take responsibility for obtaining Building Regulations ?<br><br>A. We will be happy to make an application on your behalf. We do not charge for the preparation of drawings and calculations necessary, providing the installation takes place . All we pass on is the statutory fees charged by the Local Authority or Approved Building Inspector.</p>\n<p>Q. Can I obtain approval before I commit to placing a mezzanine order with First Floors UK.<br><br>A. Yes this is possible, but we will require a purchase order for the initial survey, loading calculations and any design and drawings which are needed to submit to the Local Authority. As stated above we do not charge for gaining Building Regulations approval, providing the installation takes place. If the installation does not go ahead we would have to charge a nominal fee to cover our costs. This fee, however, would be reimbursed should the installation take place in the future.</p>\n<p>Q. Can I install the mezzanine floor before I have obtained Building Regulations approval.<br><br>A. Yes, we can commence with your mezzanine project, within 48 hours of submitting the application for Building Regulations to the Local Authority.</p>\n<p>Q. Who makes sure that the mezzanine floor design, manufacture and installation is fully compliant with all Building Regulations and Fire Safety standards ?<br><br>A. First Floors UK will take responsibility for this.</p>\n<p>Q. Do I need Planning Permission when installing a new mezzanine floor.<br><br>A. In almost all cases you will not need Planning Permission, if it is a fully demountable structure and the changes are internal. You do however require Building Regulations Approval.</p>\n<p>Q. What are the size restrictions doe a mezzanine flooring.<br><br>A. Building Regulations do not limit the size ,shape or height of the new mezzanine floor. The Government, has however been trying to control the expansion of retail space in out-of-town developments and has brought in legislation which requires planning permission for floors greater than 200 sq.m. You can however add multiple floors less than 200 sq.m without requiring planning permission</p>\n<p>Q. How will a new mezzanine floor affect my business rates ?<br><br>A. When a mezzanine floor is used for storage purposes only then it does not normally attract increased rate. If the new floor is used for office accommodation it sometimes will.</p>"}}, {"pk": 8, "model": "galleries.gallery", "fields": {"content": "<p>A demo gallery of cities from around the world.</p>", "zip_import": ""}}, {"pk": 1, "model": "galleries.galleryimage", "fields": {"_order": 0, "gallery": 8, "file": "uploads/gallery/Amsterdam, Holland_1.jpg", "description": "Amsterdam  Holland 1"}}, {"pk": 2, "model": "galleries.galleryimage", "fields": {"_order": 1, "gallery": 8, "file": "uploads/gallery/Asturias, Brazil_1.jpg", "description": "Asturias  Brazil 1"}}, {"pk": 3, "model": "galleries.galleryimage", "fields": {"_order": 2, "gallery": 8, "file": "uploads/gallery/Athens, Greece_1.jpg", "description": "Athens  Greece 1"}}, {"pk": 4, "model": "galleries.galleryimage", "fields": {"_order": 3, "gallery": 8, "file": "uploads/gallery/Austin, USA_1.jpg", "description": "Austin  USA 1"}}, {"pk": 5, "model": "galleries.galleryimage", "fields": {"_order": 4, "gallery": 8, "file": "uploads/gallery/\u00c1vila, Spain_1.jpg", "description": "\u00c1vila  Spain 1"}}, {"pk": 6, "model": "galleries.galleryimage", "fields": {"_order": 5, "gallery": 8, "file": "uploads/gallery/Bangkok, Thailand_1.jpg", "description": "Bangkok  Thailand 1"}}, {"pk": 7, "model": "galleries.galleryimage", "fields": {"_order": 6, "gallery": 8, "file": "uploads/gallery/Berlin, Germany_1.jpg", "description": "Berlin  Germany 1"}}, {"pk": 8, "model": "galleries.galleryimage", "fields": {"_order": 7, "gallery": 8, "file": "uploads/gallery/Boston, USA_1.jpg", "description": "Boston  USA 1"}}, {"pk": 9, "model": "galleries.galleryimage", "fields": {"_order": 8, "gallery": 8, "file": "uploads/gallery/Brisbane, Australia_1.jpg", "description": "Brisbane  Australia 1"}}, {"pk": 10, "model": "galleries.galleryimage", "fields": {"_order": 9, "gallery": 8, "file": "uploads/gallery/Bruxelles, Belgium_1.jpg", "description": "Bruxelles  Belgium 1"}}, {"pk": 11, "model": "galleries.galleryimage", "fields": {"_order": 10, "gallery": 8, "file": "uploads/gallery/Buenos Aires, Argentina_1.jpg", "description": "Buenos Aires  Argentina 1"}}, {"pk": 12, "model": "galleries.galleryimage", "fields": {"_order": 11, "gallery": 8, "file": "uploads/gallery/Cairo, Egypt_1.jpg", "description": "Cairo  Egypt 1"}}, {"pk": 13, "model": "galleries.galleryimage", "fields": {"_order": 12, "gallery": 8, "file": "uploads/gallery/Chicage, USA_1.jpg", "description": "Chicage  USA 1"}}, {"pk": 14, "model": "galleries.galleryimage", "fields": {"_order": 13, "gallery": 8, "file": "uploads/gallery/City of Singapore, Singapore_1.jpg", "description": "City Of Singapore  Singapore 1"}}, {"pk": 15, "model": "galleries.galleryimage", "fields": {"_order": 14, "gallery": 8, "file": "uploads/gallery/Dallas, USA_1.jpg", "description": "Dallas  USA 1"}}, {"pk": 16, "model": "galleries.galleryimage", "fields": {"_order": 15, "gallery": 8, "file": "uploads/gallery/Denver, USA_1.jpg", "description": "Denver  USA 1"}}, {"pk": 17, "model": "galleries.galleryimage", "fields": {"_order": 16, "gallery": 8, "file": "uploads/gallery/Dublin, Ireland_1.jpg", "description": "Dublin  Ireland 1"}}, {"pk": 18, "model": "galleries.galleryimage", "fields": {"_order": 17, "gallery": 8, "file": "uploads/gallery/D\u00fcsseldorf, Germany_1.jpg", "description": "D\u00fcsseldorf  Germany 1"}}, {"pk": 19, "model": "galleries.galleryimage", "fields": {"_order": 18, "gallery": 8, "file": "uploads/gallery/Frankfurt, Germany_1.jpg", "description": "Frankfurt  Germany 1"}}, {"pk": 20, "model": "galleries.galleryimage", "fields": {"_order": 19, "gallery": 8, "file": "uploads/gallery/Geneva, Switzerland_1.jpg", "description": "Geneva  Switzerland 1"}}, {"pk": 21, "model": "galleries.galleryimage", "fields": {"_order": 20, "gallery": 8, "file": "uploads/gallery/Inverness, Scotland_1.jpg", "description": "Inverness  Scotland 1"}}, {"pk": 22, "model": "galleries.galleryimage", "fields": {"_order": 21, "gallery": 8, "file": "uploads/gallery/Lisbon, Portugal_1.jpg", "description": "Lisbon  Portugal 1"}}, {"pk": 23, "model": "galleries.galleryimage", "fields": {"_order": 22, "gallery": 8, "file": "uploads/gallery/Liverpool, England_1.jpg", "description": "Liverpool  England 1"}}, {"pk": 24, "model": "galleries.galleryimage", "fields": {"_order": 23, "gallery": 8, "file": "uploads/gallery/London, England_1.jpg", "description": "London  England 1"}}, {"pk": 25, "model": "galleries.galleryimage", "fields": {"_order": 24, "gallery": 8, "file": "uploads/gallery/Long Beach, USA_1.jpg", "description": "Long Beach  USA 1"}}, {"pk": 26, "model": "galleries.galleryimage", "fields": {"_order": 25, "gallery": 8, "file": "uploads/gallery/Louisville, USA_1.jpg", "description": "Louisville  USA 1"}}, {"pk": 27, "model": "galleries.galleryimage", "fields": {"_order": 26, "gallery": 8, "file": "uploads/gallery/Marrakech, Morocco_1.jpg", "description": "Marrakech  Morocco 1"}}, {"pk": 28, "model": "galleries.galleryimage", "fields": {"_order": 27, "gallery": 8, "file": "uploads/gallery/Miami, USA_1.jpg", "description": "Miami  USA 1"}}, {"pk": 29, "model": "galleries.galleryimage", "fields": {"_order": 28, "gallery": 8, "file": "uploads/gallery/Monaco, Monaco_1.jpg", "description": "Monaco  Monaco 1"}}, {"pk": 30, "model": "galleries.galleryimage", "fields": {"_order": 29, "gallery": 8, "file": "uploads/gallery/Moscow, Russia_1.jpg", "description": "Moscow  Russia 1"}}, {"pk": 31, "model": "galleries.galleryimage", "fields": {"_order": 30, "gallery": 8, "file": "uploads/gallery/Naples, Italy_1.jpg", "description": "Naples  Italy 1"}}, {"pk": 32, "model": "galleries.galleryimage", "fields": {"_order": 31, "gallery": 8, "file": "uploads/gallery/Palermo, Italy_1.jpg", "description": "Palermo  Italy 1"}}, {"pk": 33, "model": "galleries.galleryimage", "fields": {"_order": 32, "gallery": 8, "file": "uploads/gallery/Paris, France_1.jpg", "description": "Paris  France 1"}}, {"pk": 34, "model": "galleries.galleryimage", "fields": {"_order": 33, "gallery": 8, "file": "uploads/gallery/Reykjavik, Iceland_1.jpg", "description": "Reykjavik  Iceland 1"}}, {"pk": 35, "model": "galleries.galleryimage", "fields": {"_order": 34, "gallery": 8, "file": "uploads/gallery/Rome, Italy_1.jpg", "description": "Rome  Italy 1"}}, {"pk": 36, "model": "galleries.galleryimage", "fields": {"_order": 35, "gallery": 8, "file": "uploads/gallery/San Francisco, USA_1.jpg", "description": "San Francisco  USA 1"}}, {"pk": 37, "model": "galleries.galleryimage", "fields": {"_order": 36, "gallery": 8, "file": "uploads/gallery/Santiago, Chile_1.jpg", "description": "Santiago  Chile 1"}}, {"pk": 38, "model": "galleries.galleryimage", "fields": {"_order": 37, "gallery": 8, "file": "uploads/gallery/Seattle, USA_1.jpg", "description": "Seattle  USA 1"}}, {"pk": 39, "model": "galleries.galleryimage", "fields": {"_order": 38, "gallery": 8, "file": "uploads/gallery/Stockholm, Sweden_1.jpg", "description": "Stockholm  Sweden 1"}}, {"pk": 40, "model": "galleries.galleryimage", "fields": {"_order": 39, "gallery": 8, "file": "uploads/gallery/Sydney, Australia_1.jpg", "description": "Sydney  Australia 1"}}, {"pk": 41, "model": "galleries.galleryimage", "fields": {"_order": 40, "gallery": 8, "file": "uploads/gallery/Tempe Town Lake, USA_1.jpg", "description": "Tempe Town Lake  USA 1"}}, {"pk": 42, "model": "galleries.galleryimage", "fields": {"_order": 41, "gallery": 8, "file": "uploads/gallery/Tokyo, Japan_1.jpg", "description": "Tokyo  Japan 1"}}, {"pk": 43, "model": "galleries.galleryimage", "fields": {"_order": 42, "gallery": 8, "file": "uploads/gallery/Toronto, Canada_1.jpg", "description": "Toronto  Canada 1"}}, {"pk": 44, "model": "galleries.galleryimage", "fields": {"_order": 43, "gallery": 8, "file": "uploads/gallery/Vancouver, Canada_1.jpg", "description": "Vancouver  Canada 1"}}, {"pk": 45, "model": "galleries.galleryimage", "fields": {"_order": 44, "gallery": 8, "file": "uploads/gallery/Venice, Italy_1.jpg", "description": "Venice  Italy 1"}}, {"pk": 46, "model": "galleries.galleryimage", "fields": {"_order": 45, "gallery": 8, "file": "uploads/gallery/Vienna, Austria_1.jpg", "description": "Vienna  Austria 1"}}, {"pk": 47, "model": "galleries.galleryimage", "fields": {"_order": 46, "gallery": 8, "file": "uploads/gallery/Warsaw, Poland_1.jpg", "description": "Warsaw  Poland 1"}}, {"pk": 48, "model": "galleries.galleryimage", "fields": {"_order": 47, "gallery": 8, "file": "uploads/gallery/Yokohama, Japan_1.jpg", "description": "Yokohama  Japan 1"}}, {"pk": 49, "model": "galleries.galleryimage", "fields": {"_order": 48, "gallery": 8, "file": "uploads/gallery/York, England_1.jpg", "description": "York  England 1"}}, {"pk": 1, "model": "south.migrationhistory", "fields": {"applied": "2012-06-08T08:40:29.311Z", "app_name": "conf", "migration": "0001_initial"}}, {"pk": 2, "model": "south.migrationhistory", "fields": {"applied": "2012-06-08T08:40:29.319Z", "app_name": "conf", "migration": "0002_auto__add_field_setting_site"}}, {"pk": 3, "model": "south.migrationhistory", "fields": {"applied": "2012-06-08T08:40:29.328Z", "app_name": "conf", "migration": "0003_update_site_setting"}}, {"pk": 4, "model": "south.migrationhistory", "fields": {"applied": "2012-06-08T08:40:29.335Z", "app_name": "conf", "migration": "0004_ssl_account_settings_rename"}}, {"pk": 5, "model": "south.migrationhistory", "fields": {"applied": "2012-06-08T08:40:29.408Z", "app_name": "core", "migration": "0001_initial"}}, {"pk": 6, "model": "south.migrationhistory", "fields": {"applied": "2012-06-08T08:40:29.415Z", "app_name": "pages", "migration": "0001_initial"}}, {"pk": 7, "model": "south.migrationhistory", "fields": {"applied": "2012-06-08T08:40:29.445Z", "app_name": "pages", "migration": "0002_auto__del_field_page__keywords__add_field_page_keywords_string__chg_fi"}}, {"pk": 8, "model": "south.migrationhistory", "fields": {"applied": "2012-06-08T08:40:29.462Z", "app_name": "blog", "migration": "0001_initial"}}, {"pk": 9, "model": "south.migrationhistory", "fields": {"applied": "2012-06-08T08:40:29.469Z", "app_name": "blog", "migration": "0002_auto"}}, {"pk": 10, "model": "south.migrationhistory", "fields": {"applied": "2012-06-08T08:40:29.476Z", "app_name": "blog", "migration": "0003_categories"}}, {"pk": 11, "model": "south.migrationhistory", "fields": {"applied": "2012-06-08T08:40:29.482Z", "app_name": "blog", "migration": "0004_auto__del_field_blogpost_category"}}, {"pk": 12, "model": "south.migrationhistory", "fields": {"applied": "2012-06-08T08:40:29.503Z", "app_name": "blog", "migration": "0005_auto__del_comment__add_field_blogpost_comments_count__chg_field_blogpo"}}, {"pk": 13, "model": "south.migrationhistory", "fields": {"applied": "2012-06-08T08:40:29.509Z", "app_name": "blog", "migration": "0006_auto__del_field_blogpost__keywords__add_field_blogpost_keywords_string"}}, {"pk": 14, "model": "south.migrationhistory", "fields": {"applied": "2012-06-08T08:40:29.517Z", "app_name": "core", "migration": "0002_auto__del_keyword"}}, {"pk": 15, "model": "south.migrationhistory", "fields": {"applied": "2012-06-08T08:40:29.530Z", "app_name": "generic", "migration": "0001_initial"}}, {"pk": 16, "model": "south.migrationhistory", "fields": {"applied": "2012-06-08T08:40:29.536Z", "app_name": "generic", "migration": "0002_auto__add_keyword__add_assignedkeyword"}}, {"pk": 17, "model": "south.migrationhistory", "fields": {"applied": "2012-06-08T08:40:29.543Z", "app_name": "generic", "migration": "0003_auto__add_rating"}}, {"pk": 18, "model": "south.migrationhistory", "fields": {"applied": "2012-06-08T08:40:29.549Z", "app_name": "generic", "migration": "0004_auto__chg_field_rating_object_pk__chg_field_assignedkeyword_object_pk"}}, {"pk": 19, "model": "south.migrationhistory", "fields": {"applied": "2012-06-08T08:40:29.556Z", "app_name": "generic", "migration": "0005_keyword_site"}}, {"pk": 20, "model": "south.migrationhistory", "fields": {"applied": "2012-06-08T08:40:29.586Z", "app_name": "generic", "migration": "0006_move_keywords"}}, {"pk": 21, "model": "south.migrationhistory", "fields": {"applied": "2012-06-08T08:40:29.593Z", "app_name": "generic", "migration": "0007_auto__add_field_assignedkeyword__order"}}, {"pk": 22, "model": "south.migrationhistory", "fields": {"applied": "2012-06-08T08:40:29.600Z", "app_name": "generic", "migration": "0008_set_keyword_order"}}, {"pk": 23, "model": "south.migrationhistory", "fields": {"applied": "2012-06-08T08:40:29.608Z", "app_name": "generic", "migration": "0009_auto__chg_field_keyword_title__chg_field_keyword_slug"}}, {"pk": 24, "model": "south.migrationhistory", "fields": {"applied": "2012-06-08T08:40:29.614Z", "app_name": "generic", "migration": "0009_auto__del_field_threadedcomment_email_hash"}}, {"pk": 25, "model": "south.migrationhistory", "fields": {"applied": "2012-06-08T08:40:29.621Z", "app_name": "generic", "migration": "0010_auto__chg_field_keyword_slug__chg_field_keyword_title"}}, {"pk": 26, "model": "south.migrationhistory", "fields": {"applied": "2012-06-08T08:40:29.636Z", "app_name": "blog", "migration": "0007_auto__add_field_blogpost_site"}}, {"pk": 27, "model": "south.migrationhistory", "fields": {"applied": "2012-06-08T08:40:29.643Z", "app_name": "blog", "migration": "0008_auto__add_field_blogpost_rating_average__add_field_blogpost_rating_cou"}}, {"pk": 28, "model": "south.migrationhistory", "fields": {"applied": "2012-06-08T08:40:29.651Z", "app_name": "blog", "migration": "0009_auto__chg_field_blogpost_content"}}, {"pk": 29, "model": "south.migrationhistory", "fields": {"applied": "2012-06-08T08:40:29.658Z", "app_name": "blog", "migration": "0010_category_site_allow_comments"}}, {"pk": 30, "model": "south.migrationhistory", "fields": {"applied": "2012-06-08T08:40:29.664Z", "app_name": "blog", "migration": "0011_comment_site_data"}}, {"pk": 31, "model": "south.migrationhistory", "fields": {"applied": "2012-06-08T08:40:29.671Z", "app_name": "blog", "migration": "0012_auto__add_field_blogpost_featured_image"}}, {"pk": 32, "model": "south.migrationhistory", "fields": {"applied": "2012-06-08T08:40:29.677Z", "app_name": "blog", "migration": "0013_auto__chg_field_blogpost_featured_image"}}, {"pk": 33, "model": "south.migrationhistory", "fields": {"applied": "2012-06-08T08:40:29.684Z", "app_name": "blog", "migration": "0014_auto__add_field_blogpost_gen_description"}}, {"pk": 34, "model": "south.migrationhistory", "fields": {"applied": "2012-06-08T08:40:29.691Z", "app_name": "blog", "migration": "0015_auto__chg_field_blogcategory_title__chg_field_blogcategory_slug__chg_f"}}, {"pk": 35, "model": "south.migrationhistory", "fields": {"applied": "2012-06-08T08:40:29.705Z", "app_name": "forms", "migration": "0001_initial"}}, {"pk": 36, "model": "south.migrationhistory", "fields": {"applied": "2012-06-08T08:40:29.712Z", "app_name": "forms", "migration": "0002_auto__add_field_field_placeholder_text"}}, {"pk": 37, "model": "south.migrationhistory", "fields": {"applied": "2012-06-08T08:40:29.719Z", "app_name": "forms", "migration": "0003_auto__chg_field_field_field_type"}}, {"pk": 38, "model": "south.migrationhistory", "fields": {"applied": "2012-06-08T08:40:29.726Z", "app_name": "forms", "migration": "0004_auto__chg_field_form_response__chg_field_form_content"}}, {"pk": 39, "model": "south.migrationhistory", "fields": {"applied": "2012-06-08T08:40:29.732Z", "app_name": "forms", "migration": "0005_auto__chg_field_fieldentry_value"}}, {"pk": 40, "model": "south.migrationhistory", "fields": {"applied": "2012-06-08T08:40:29.746Z", "app_name": "pages", "migration": "0003_auto__add_field_page_site"}}, {"pk": 41, "model": "south.migrationhistory", "fields": {"applied": "2012-06-08T08:40:29.761Z", "app_name": "pages", "migration": "0004_auto__del_contentpage__add_richtextpage"}}, {"pk": 42, "model": "south.migrationhistory", "fields": {"applied": "2012-06-08T08:40:29.768Z", "app_name": "pages", "migration": "0005_rename_contentpage"}}, {"pk": 43, "model": "south.migrationhistory", "fields": {"applied": "2012-06-08T08:40:29.775Z", "app_name": "pages", "migration": "0006_auto__add_field_page_gen_description"}}, {"pk": 44, "model": "south.migrationhistory", "fields": {"applied": "2012-06-08T08:40:29.783Z", "app_name": "pages", "migration": "0007_auto__chg_field_page_slug__chg_field_page_title"}}, {"pk": 45, "model": "south.migrationhistory", "fields": {"applied": "2012-06-08T08:40:29.791Z", "app_name": "pages", "migration": "0008_auto__add_link"}}, {"pk": 46, "model": "south.migrationhistory", "fields": {"applied": "2012-06-08T08:40:29.805Z", "app_name": "galleries", "migration": "0001_initial"}}, {"pk": 47, "model": "south.migrationhistory", "fields": {"applied": "2012-06-08T08:40:29.818Z", "app_name": "twitter", "migration": "0001_initial"}}, {"pk": 48, "model": "south.migrationhistory", "fields": {"applied": "2012-06-08T08:40:29.825Z", "app_name": "twitter", "migration": "0002_auto__chg_field_query_value"}}, {"pk": 97, "model": "auth.permission", "fields": {"codename": "add_logentry", "name": "Can add log entry", "content_type": 33}}, {"pk": 98, "model": "auth.permission", "fields": {"codename": "change_logentry", "name": "Can change log entry", "content_type": 33}}, {"pk": 99, "model": "auth.permission", "fields": {"codename": "delete_logentry", "name": "Can delete log entry", "content_type": 33}}, {"pk": 4, "model": "auth.permission", "fields": {"codename": "add_group", "name": "Can add group", "content_type": 2}}, {"pk": 5, "model": "auth.permission", "fields": {"codename": "change_group", "name": "Can change group", "content_type": 2}}, {"pk": 6, "model": "auth.permission", "fields": {"codename": "delete_group", "name": "Can delete group", "content_type": 2}}, {"pk": 1, "model": "auth.permission", "fields": {"codename": "add_permission", "name": "Can add permission", "content_type": 1}}, {"pk": 2, "model": "auth.permission", "fields": {"codename": "change_permission", "name": "Can change permission", "content_type": 1}}, {"pk": 3, "model": "auth.permission", "fields": {"codename": "delete_permission", "name": "Can delete permission", "content_type": 1}}, {"pk": 7, "model": "auth.permission", "fields": {"codename": "add_user", "name": "Can add user", "content_type": 3}}, {"pk": 8, "model": "auth.permission", "fields": {"codename": "change_user", "name": "Can change user", "content_type": 3}}, {"pk": 9, "model": "auth.permission", "fields": {"codename": "delete_user", "name": "Can delete user", "content_type": 3}}, {"pk": 40, "model": "auth.permission", "fields": {"codename": "add_blogcategory", "name": "Can add Blog Category", "content_type": 14}}, {"pk": 41, "model": "auth.permission", "fields": {"codename": "change_blogcategory", "name": "Can change Blog Category", "content_type": 14}}, {"pk": 42, "model": "auth.permission", "fields": {"codename": "delete_blogcategory", "name": "Can delete Blog Category", "content_type": 14}}, {"pk": 37, "model": "auth.permission", "fields": {"codename": "add_blogpost", "name": "Can add Blog post", "content_type": 13}}, {"pk": 38, "model": "auth.permission", "fields": {"codename": "change_blogpost", "name": "Can change Blog post", "content_type": 13}}, {"pk": 39, "model": "auth.permission", "fields": {"codename": "delete_blogpost", "name": "Can delete Blog post", "content_type": 13}}, {"pk": 110, "model": "auth.permission", "fields": {"codename": "add_blogcategory", "name": "Can add Blog Category", "content_type": 37}}, {"pk": 111, "model": "auth.permission", "fields": {"codename": "change_blogcategory", "name": "Can change Blog Category", "content_type": 37}}, {"pk": 112, "model": "auth.permission", "fields": {"codename": "delete_blogcategory", "name": "Can delete Blog Category", "content_type": 37}}, {"pk": 107, "model": "auth.permission", "fields": {"codename": "add_blogpost", "name": "Can add Blog post", "content_type": 36}}, {"pk": 108, "model": "auth.permission", "fields": {"codename": "change_blogpost", "name": "Can change Blog post", "content_type": 36}}, {"pk": 109, "model": "auth.permission", "fields": {"codename": "delete_blogpost", "name": "Can delete Blog post", "content_type": 36}}, {"pk": 100, "model": "auth.permission", "fields": {"codename": "add_comment", "name": "Can add comment", "content_type": 34}}, {"pk": 103, "model": "auth.permission", "fields": {"codename": "can_moderate", "name": "Can moderate comments", "content_type": 34}}, {"pk": 101, "model": "auth.permission", "fields": {"codename": "change_comment", "name": "Can change comment", "content_type": 34}}, {"pk": 102, "model": "auth.permission", "fields": {"codename": "delete_comment", "name": "Can delete comment", "content_type": 34}}, {"pk": 104, "model": "auth.permission", "fields": {"codename": "add_commentflag", "name": "Can add comment flag", "content_type": 35}}, {"pk": 105, "model": "auth.permission", "fields": {"codename": "change_commentflag", "name": "Can change comment flag", "content_type": 35}}, {"pk": 106, "model": "auth.permission", "fields": {"codename": "delete_commentflag", "name": "Can delete comment flag", "content_type": 35}}, {"pk": 22, "model": "auth.permission", "fields": {"codename": "add_setting", "name": "Can add Setting", "content_type": 8}}, {"pk": 23, "model": "auth.permission", "fields": {"codename": "change_setting", "name": "Can change Setting", "content_type": 8}}, {"pk": 24, "model": "auth.permission", "fields": {"codename": "delete_setting", "name": "Can delete Setting", "content_type": 8}}, {"pk": 10, "model": "auth.permission", "fields": {"codename": "add_contenttype", "name": "Can add content type", "content_type": 4}}, {"pk": 11, "model": "auth.permission", "fields": {"codename": "change_contenttype", "name": "Can change content type", "content_type": 4}}, {"pk": 12, "model": "auth.permission", "fields": {"codename": "delete_contenttype", "name": "Can delete content type", "content_type": 4}}, {"pk": 46, "model": "auth.permission", "fields": {"codename": "add_field", "name": "Can add Field", "content_type": 16}}, {"pk": 47, "model": "auth.permission", "fields": {"codename": "change_field", "name": "Can change Field", "content_type": 16}}, {"pk": 48, "model": "auth.permission", "fields": {"codename": "delete_field", "name": "Can delete Field", "content_type": 16}}, {"pk": 52, "model": "auth.permission", "fields": {"codename": "add_fieldentry", "name": "Can add Form field entry", "content_type": 18}}, {"pk": 53, "model": "auth.permission", "fields": {"codename": "change_fieldentry", "name": "Can change Form field entry", "content_type": 18}}, {"pk": 54, "model": "auth.permission", "fields": {"codename": "delete_fieldentry", "name": "Can delete Form field entry", "content_type": 18}}, {"pk": 43, "model": "auth.permission", "fields": {"codename": "add_form", "name": "Can add Form", "content_type": 15}}, {"pk": 44, "model": "auth.permission", "fields": {"codename": "change_form", "name": "Can change Form", "content_type": 15}}, {"pk": 45, "model": "auth.permission", "fields": {"codename": "delete_form", "name": "Can delete Form", "content_type": 15}}, {"pk": 49, "model": "auth.permission", "fields": {"codename": "add_formentry", "name": "Can add Form entry", "content_type": 17}}, {"pk": 50, "model": "auth.permission", "fields": {"codename": "change_formentry", "name": "Can change Form entry", "content_type": 17}}, {"pk": 51, "model": "auth.permission", "fields": {"codename": "delete_formentry", "name": "Can delete Form entry", "content_type": 17}}, {"pk": 64, "model": "auth.permission", "fields": {"codename": "add_gallery", "name": "Can add Gallery", "content_type": 22}}, {"pk": 65, "model": "auth.permission", "fields": {"codename": "change_gallery", "name": "Can change Gallery", "content_type": 22}}, {"pk": 66, "model": "auth.permission", "fields": {"codename": "delete_gallery", "name": "Can delete Gallery", "content_type": 22}}, {"pk": 67, "model": "auth.permission", "fields": {"codename": "add_galleryimage", "name": "Can add Image", "content_type": 23}}, {"pk": 68, "model": "auth.permission", "fields": {"codename": "change_galleryimage", "name": "Can change Image", "content_type": 23}}, {"pk": 69, "model": "auth.permission", "fields": {"codename": "delete_galleryimage", "name": "Can delete Image", "content_type": 23}}, {"pk": 31, "model": "auth.permission", "fields": {"codename": "add_assignedkeyword", "name": "Can add assigned keyword", "content_type": 11}}, {"pk": 32, "model": "auth.permission", "fields": {"codename": "change_assignedkeyword", "name": "Can change assigned keyword", "content_type": 11}}, {"pk": 33, "model": "auth.permission", "fields": {"codename": "delete_assignedkeyword", "name": "Can delete assigned keyword", "content_type": 11}}, {"pk": 28, "model": "auth.permission", "fields": {"codename": "add_keyword", "name": "Can add Keyword", "content_type": 10}}, {"pk": 29, "model": "auth.permission", "fields": {"codename": "change_keyword", "name": "Can change Keyword", "content_type": 10}}, {"pk": 30, "model": "auth.permission", "fields": {"codename": "delete_keyword", "name": "Can delete Keyword", "content_type": 10}}, {"pk": 34, "model": "auth.permission", "fields": {"codename": "add_rating", "name": "Can add Rating", "content_type": 12}}, {"pk": 35, "model": "auth.permission", "fields": {"codename": "change_rating", "name": "Can change Rating", "content_type": 12}}, {"pk": 36, "model": "auth.permission", "fields": {"codename": "delete_rating", "name": "Can delete Rating", "content_type": 12}}, {"pk": 25, "model": "auth.permission", "fields": {"codename": "add_threadedcomment", "name": "Can add Comment", "content_type": 9}}, {"pk": 26, "model": "auth.permission", "fields": {"codename": "change_threadedcomment", "name": "Can change Comment", "content_type": 9}}, {"pk": 27, "model": "auth.permission", "fields": {"codename": "delete_threadedcomment", "name": "Can delete Comment", "content_type": 9}}, {"pk": 85, "model": "auth.permission", "fields": {"codename": "add_bookmark", "name": "Can add Bookmark", "content_type": 29}}, {"pk": 86, "model": "auth.permission", "fields": {"codename": "change_bookmark", "name": "Can change Bookmark", "content_type": 29}}, {"pk": 87, "model": "auth.permission", "fields": {"codename": "delete_bookmark", "name": "Can delete Bookmark", "content_type": 29}}, {"pk": 88, "model": "auth.permission", "fields": {"codename": "add_bookmarkitem", "name": "Can add Bookmark Item", "content_type": 30}}, {"pk": 89, "model": "auth.permission", "fields": {"codename": "change_bookmarkitem", "name": "Can change Bookmark Item", "content_type": 30}}, {"pk": 90, "model": "auth.permission", "fields": {"codename": "delete_bookmarkitem", "name": "Can delete Bookmark Item", "content_type": 30}}, {"pk": 91, "model": "auth.permission", "fields": {"codename": "add_help", "name": "Can add Help", "content_type": 31}}, {"pk": 92, "model": "auth.permission", "fields": {"codename": "change_help", "name": "Can change Help", "content_type": 31}}, {"pk": 93, "model": "auth.permission", "fields": {"codename": "delete_help", "name": "Can delete Help", "content_type": 31}}, {"pk": 94, "model": "auth.permission", "fields": {"codename": "add_helpitem", "name": "Can add Help Entry", "content_type": 32}}, {"pk": 95, "model": "auth.permission", "fields": {"codename": "change_helpitem", "name": "Can change Help Entry", "content_type": 32}}, {"pk": 96, "model": "auth.permission", "fields": {"codename": "delete_helpitem", "name": "Can delete Help Entry", "content_type": 32}}, {"pk": 79, "model": "auth.permission", "fields": {"codename": "add_navigation", "name": "Can add Navigation", "content_type": 27}}, {"pk": 80, "model": "auth.permission", "fields": {"codename": "change_navigation", "name": "Can change Navigation", "content_type": 27}}, {"pk": 81, "model": "auth.permission", "fields": {"codename": "delete_navigation", "name": "Can delete Navigation", "content_type": 27}}, {"pk": 82, "model": "auth.permission", "fields": {"codename": "add_navigationitem", "name": "Can add Navigation Item", "content_type": 28}}, {"pk": 83, "model": "auth.permission", "fields": {"codename": "change_navigationitem", "name": "Can change Navigation Item", "content_type": 28}}, {"pk": 84, "model": "auth.permission", "fields": {"codename": "delete_navigationitem", "name": "Can delete Navigation Item", "content_type": 28}}, {"pk": 61, "model": "auth.permission", "fields": {"codename": "add_link", "name": "Can add Link", "content_type": 21}}, {"pk": 62, "model": "auth.permission", "fields": {"codename": "change_link", "name": "Can change Link", "content_type": 21}}, {"pk": 63, "model": "auth.permission", "fields": {"codename": "delete_link", "name": "Can delete Link", "content_type": 21}}, {"pk": 55, "model": "auth.permission", "fields": {"codename": "add_page", "name": "Can add Page", "content_type": 19}}, {"pk": 56, "model": "auth.permission", "fields": {"codename": "change_page", "name": "Can change Page", "content_type": 19}}, {"pk": 57, "model": "auth.permission", "fields": {"codename": "delete_page", "name": "Can delete Page", "content_type": 19}}, {"pk": 58, "model": "auth.permission", "fields": {"codename": "add_richtextpage", "name": "Can add Rich text page", "content_type": 20}}, {"pk": 59, "model": "auth.permission", "fields": {"codename": "change_richtextpage", "name": "Can change Rich text page", "content_type": 20}}, {"pk": 60, "model": "auth.permission", "fields": {"codename": "delete_richtextpage", "name": "Can delete Rich text page", "content_type": 20}}, {"pk": 13, "model": "auth.permission", "fields": {"codename": "add_redirect", "name": "Can add redirect", "content_type": 5}}, {"pk": 14, "model": "auth.permission", "fields": {"codename": "change_redirect", "name": "Can change redirect", "content_type": 5}}, {"pk": 15, "model": "auth.permission", "fields": {"codename": "delete_redirect", "name": "Can delete redirect", "content_type": 5}}, {"pk": 16, "model": "auth.permission", "fields": {"codename": "add_session", "name": "Can add session", "content_type": 6}}, {"pk": 17, "model": "auth.permission", "fields": {"codename": "change_session", "name": "Can change session", "content_type": 6}}, {"pk": 18, "model": "auth.permission", "fields": {"codename": "delete_session", "name": "Can delete session", "content_type": 6}}, {"pk": 19, "model": "auth.permission", "fields": {"codename": "add_site", "name": "Can add site", "content_type": 7}}, {"pk": 20, "model": "auth.permission", "fields": {"codename": "change_site", "name": "Can change site", "content_type": 7}}, {"pk": 21, "model": "auth.permission", "fields": {"codename": "delete_site", "name": "Can delete site", "content_type": 7}}, {"pk": 76, "model": "auth.permission", "fields": {"codename": "add_migrationhistory", "name": "Can add migration history", "content_type": 26}}, {"pk": 77, "model": "auth.permission", "fields": {"codename": "change_migrationhistory", "name": "Can change migration history", "content_type": 26}}, {"pk": 78, "model": "auth.permission", "fields": {"codename": "delete_migrationhistory", "name": "Can delete migration history", "content_type": 26}}, {"pk": 70, "model": "auth.permission", "fields": {"codename": "add_query", "name": "Can add Twitter query", "content_type": 24}}, {"pk": 71, "model": "auth.permission", "fields": {"codename": "change_query", "name": "Can change Twitter query", "content_type": 24}}, {"pk": 72, "model": "auth.permission", "fields": {"codename": "delete_query", "name": "Can delete Twitter query", "content_type": 24}}, {"pk": 73, "model": "auth.permission", "fields": {"codename": "add_tweet", "name": "Can add Tweet", "content_type": 25}}, {"pk": 74, "model": "auth.permission", "fields": {"codename": "change_tweet", "name": "Can change Tweet", "content_type": 25}}, {"pk": 75, "model": "auth.permission", "fields": {"codename": "delete_tweet", "name": "Can delete Tweet", "content_type": 25}}, {"pk": 1, "model": "auth.user", "fields": {"username": "admin", "first_name": "", "last_name": "", "is_active": true, "is_superuser": true, "is_staff": true, "last_login": "2012-06-15T07:26:59.306Z", "groups": [], "user_permissions": [], "password": "pbkdf2_sha256$10000$NjbJK8eONkzV$aNU2bKRbYohTTmu/ntdqWdxd7Wnhek5SEUkaPkY1jjY=", "email": "example@example.com", "date_joined": "2012-06-08T08:40:25.382Z"}}, {"pk": 1, "model": "generic.threadedcomment", "fields": {"by_author": true, "replied_to": null}}, {"pk": 6, "model": "blog_fork.blogpost", "fields": {"status": 2, "expiry_date": null, "allow_comments": true, "description": "Testing philosophy: what to test in templates\nAh - although our page may contain the name of our Poll, it's not yet a link we can click. The way we'd fix this is in the\u00a0home.html\u00a0template, by adding an\u00a0&lt;a href=.", "title": "This post should show pages in footer", "rating_average": 0.0, "categories": [], "site": 1, "keywords_string": "", "content": "<h1>Testing philosophy: what to test in templates</h1>\n<p>Ah - although our page may contain the name of our Poll, it's not yet a link we can click. The way we'd fix this is in the\u00a0home.html\u00a0template, by adding an\u00a0&lt;a href=.</p>\n<p>So is this something we write a unit test for as well? Some people would tend to say that this is one unit test too many... Since this is a guide to\u00a0<strong>rigorous</strong>\u00a0TDD, I'm going to say we probably should in this case.</p>\n<p>On the other hand, if we write a unit test for every single last bit of html that we want to write, every last presentational detail, then making tiny tweaks to the UI is going to be really burdensome.</p>\n<p>At this point, a couple of rules of thumb are useful:</p>\n<blockquote>\n<ul>\n<li>In unit tests,\u00a0<strong>Don't test constants</strong></li>\n<li>In functional tests,\u00a0<strong>Test functionality, not presentation</strong></li>\n</ul>\n</blockquote>\n<p>The first rule works out like this - if we have some code that says:</p>\n<pre>wibble = 3\n</pre>\n<p>There's no point in writing a test that says:</p>\n<pre>self.assertEquals(wibble, 3)\n</pre>\n<p>Tests are meant to check how our code behaves, not just to repeat every line of it.</p>\n<p>The second rule is a related rule, but it's more about how users interact with your software. We want our functional tests to check that the software allows the user to accomplish certain tasks. So, we need to check that each screen contains elements that can guide the user towards the choices they need to make (the link text), and also that they function in a way that moves the user towards their goal (our link, when clicked, will take the user to the right page).</p>", "rating_count": 0, "comments_count": 0, "user": 1, "featured_image": "", "short_url": null, "publish_date": "2012-06-15T07:30:19.430Z", "slug": "this-post-should-show-pages-in-footer", "gen_description": true}}, {"pk": 5, "model": "blog_fork.blogpost", "fields": {"status": 2, "expiry_date": null, "allow_comments": true, "description": "Testing philosophy: what to test in templates\nAh - although our page may contain the name of our Poll, it's not yet a link we can click. The way we'd fix this is in the\u00a0home.html\u00a0template, by adding an\u00a0&lt;a href=.", "title": "This is test post", "rating_average": 0.0, "categories": [], "site": 1, "keywords_string": "", "content": "<h1>Testing philosophy: what to test in templates</h1>\n<p>Ah - although our page may contain the name of our Poll, it's not yet a link we can click. The way we'd fix this is in the\u00a0home.html\u00a0template, by adding an\u00a0&lt;a href=.</p>\n<p>So is this something we write a unit test for as well? Some people would tend to say that this is one unit test too many... Since this is a guide to\u00a0<strong>rigorous</strong>\u00a0TDD, I'm going to say we probably should in this case.</p>\n<p>On the other hand, if we write a unit test for every single last bit of html that we want to write, every last presentational detail, then making tiny tweaks to the UI is going to be really burdensome.</p>\n<p>At this point, a couple of rules of thumb are useful:</p>\n<blockquote>\n<ul>\n<li>In unit tests,\u00a0<strong>Don't test constants</strong></li>\n<li>In functional tests,\u00a0<strong>Test functionality, not presentation</strong></li>\n</ul>\n</blockquote>\n<p>The first rule works out like this - if we have some code that says:</p>\n<pre>wibble = 3\n</pre>\n<p>There's no point in writing a test that says:</p>\n<pre>self.assertEquals(wibble, 3)\n</pre>\n<p>Tests are meant to check how our code behaves, not just to repeat every line of it.</p>\n<p>The second rule is a related rule, but it's more about how users interact with your software. We want our functional tests to check that the software allows the user to accomplish certain tasks. So, we need to check that each screen contains elements that can guide the user towards the choices they need to make (the link text), and also that they function in a way that moves the user towards their goal (our link, when clicked, will take the user to the right page).</p>", "rating_count": 0, "comments_count": 0, "user": 1, "featured_image": "", "short_url": null, "publish_date": "2012-06-15T07:29:50.058Z", "slug": "this-is-test-post", "gen_description": true}}, {"pk": 4, "model": "blog_fork.blogpost", "fields": {"status": 2, "expiry_date": null, "allow_comments": true, "description": "History\nMain article:\u00a0History of wikis\n\n\n\n\nWiki Wiki Shuttle\u00a0at\u00a0Honolulu International Airport\n\n\nWikiWikiWeb\u00a0was the first wiki.[6]\u00a0Ward Cunningham started developing WikiWikiWeb in Portland, Oregon, in 1994, and installed it on the\u00a0Internet domain\u00a0c2.com\u00a0on March 25, 1995. It was named by Cunningham, who remembered a\u00a0Honolulu International Airport\u00a0counter employee telling him to take the \"Wiki Wiki Shuttle\" bus that runs between the airport's terminals. According to Cunningham, \"I chose wiki-wiki as an alliterative substitute for 'quick' and thereby avoided naming this stuff quick-web.\"[7][8]", "title": "Another Post", "rating_average": 5.0, "categories": [], "site": 1, "keywords_string": "", "content": "<h2>History</h2>\n<div class=\"rellink relarticle mainarticle\">Main article:\u00a0<a href=\"http://en.wikipedia.org/wiki/History_of_wikis\" title=\"History of wikis\">History of wikis</a></div>\n<div class=\"thumb tright\">\n<div class=\"thumbinner\"><a class=\"image\" href=\"http://en.wikipedia.org/wiki/File:HNL_Wiki_Wiki_Bus.jpg\"><img alt=\"\" border=\"0\" class=\"thumbimage\" height=\"165\" src=\"http://upload.wikimedia.org/wikipedia/commons/thumb/4/42/HNL_Wiki_Wiki_Bus.jpg/220px-HNL_Wiki_Wiki_Bus.jpg\" width=\"220\"></a>\n<div class=\"thumbcaption\">\n<div class=\"magnify\"><a class=\"internal\" href=\"http://en.wikipedia.org/wiki/File:HNL_Wiki_Wiki_Bus.jpg\" title=\"Enlarge\"><img alt=\"\" border=\"0\" height=\"11\" src=\"http://bits.wikimedia.org/static-1.20wmf4/skins/common/images/magnify-clip.png\" width=\"15\"></a></div>\n<a href=\"http://en.wikipedia.org/wiki/Wiki_Wiki_Shuttle\" title=\"Wiki Wiki Shuttle\">Wiki Wiki Shuttle</a>\u00a0at\u00a0<a href=\"http://en.wikipedia.org/wiki/Honolulu_International_Airport\" title=\"Honolulu International Airport\">Honolulu International Airport</a></div>\n</div>\n</div>\n<p><a href=\"http://en.wikipedia.org/wiki/WikiWikiWeb\" title=\"WikiWikiWeb\">WikiWikiWeb</a>\u00a0was the first wiki.<a href=\"http://en.wikipedia.org/wiki/Wiki#cite_note-ebersbach10-5\">[6]</a>\u00a0Ward Cunningham started developing WikiWikiWeb in Portland, Oregon, in 1994, and installed it on the\u00a0<a href=\"http://en.wikipedia.org/wiki/Domain_name\" title=\"Domain name\">Internet domain</a>\u00a0<a class=\"external text\" href=\"http://c2.com/\">c2.com</a>\u00a0on March 25, 1995. It was named by Cunningham, who remembered a\u00a0<a href=\"http://en.wikipedia.org/wiki/Honolulu_International_Airport\" title=\"Honolulu International Airport\">Honolulu International Airport</a>\u00a0counter employee telling him to take the \"<a href=\"http://en.wikipedia.org/wiki/Wiki_Wiki_Shuttle\" title=\"Wiki Wiki Shuttle\">Wiki Wiki Shuttle</a>\" bus that runs between the airport's terminals. According to Cunningham, \"I chose wiki-wiki as an alliterative substitute for 'quick' and thereby avoided naming this stuff quick-web.\"<a href=\"http://en.wikipedia.org/wiki/Wiki#cite_note-cunningham-6\">[7]</a><a href=\"http://en.wikipedia.org/wiki/Wiki#cite_note-history-7\">[8]</a></p>\n<p>Cunningham was in part inspired by Apple's\u00a0<a href=\"http://en.wikipedia.org/wiki/HyperCard\" title=\"HyperCard\">HyperCard</a>. Apple had designed a system allowing users to create virtual \"card stacks\" supporting links among the various cards. Cunningham developed\u00a0<a href=\"http://en.wikipedia.org/wiki/Vannevar_Bush\" title=\"Vannevar Bush\">Vannevar Bush's</a>\u00a0ideas by allowing users to \"comment on and change one another's text.\"<a href=\"http://en.wikipedia.org/wiki/Wiki#cite_note-Britannica-1\">[2]</a><a href=\"http://en.wikipedia.org/wiki/Wiki#cite_note-hypercard-8\">[9]</a></p>\n<p>In the early 2000s, wikis were increasingly adopted in enterprise as collaborative software. Common uses included project communication, intranets, and documentation, initially for technical users. Today some\u00a0<a class=\"mw-redirect\" href=\"http://en.wikipedia.org/wiki/Corporate_wiki\" title=\"Corporate wiki\">companies use wikis</a>\u00a0as their only collaborative software and as a replacement for static intranets, and some schools and universities use wikis to enhance\u00a0<a class=\"mw-redirect\" href=\"http://en.wikipedia.org/wiki/Group_learning\" title=\"Group learning\">group learning</a>. There may be greater use of wikis behind\u00a0<a href=\"http://en.wikipedia.org/wiki/Firewall_(computing)\" title=\"Firewall (computing)\">firewalls</a>\u00a0than on the public Internet.</p>\n<p>On March 15, 2007,\u00a0wiki\u00a0entered the online\u00a0<a href=\"http://en.wikipedia.org/wiki/Oxford_English_Dictionary\" title=\"Oxford English Dictionary\">Oxford English Dictionary</a>.<a href=\"http://en.wikipedia.org/wiki/Wiki#cite_note-OED1-9\">[10]</a></p>\n<h2>Characteristics</h2>\n<p>Ward Cunningham and co-author\u00a0<a href=\"http://en.wikipedia.org/wiki/Bo_Leuf\" title=\"Bo Leuf\">Bo Leuf</a>, in their book\u00a0<a href=\"http://en.wikipedia.org/wiki/The_Wiki_Way\" title=\"The Wiki Way\">The Wiki Way: Quick Collaboration on the Web</a>, described the essence of the Wiki concept as follows:</p>\n<ul>\n<li>A wiki invites all users to edit any page or to create new pages within the wiki Web site, using only a\u00a0<a href=\"http://en.wikipedia.org/wiki/Vanilla_software\" title=\"Vanilla software\">plain-vanilla</a>\u00a0Web browser without any extra\u00a0<a href=\"http://en.wikipedia.org/wiki/Browser_extension\" title=\"Browser extension\">add-ons</a>.</li>\n<li>Wiki promotes meaningful topic associations between different pages by making page link creation almost intuitively easy and showing whether an intended target page exists or not.</li>\n<li>A wiki is not a carefully crafted site for casual visitors. Instead, it seeks to involve the visitor in an ongoing process of creation and collaboration that constantly changes the Web site landscape.</li>\n</ul>\n<p>A wiki enables communities to write documents collaboratively, using a simple markup language and a web browser. A single page in a wiki website is referred to as a \"wiki page\", while the entire collection of pages, which are usually well interconnected by\u00a0<a href=\"http://en.wikipedia.org/wiki/Hyperlink\" title=\"Hyperlink\">hyperlinks</a>, is \"the wiki\". A wiki is essentially a database for creating, browsing, and searching through information. A wiki allows for non-linear, evolving, complex and networked text, argument and interaction.<a href=\"http://en.wikipedia.org/wiki/Wiki#cite_note-Legal-10\">[11]</a></p>\n<p>A defining characteristic of wiki technology is the ease with which pages can be created and updated. Generally, there is no review before modifications are accepted. Many wikis are open to alteration by the general public without requiring them to register\u00a0<a href=\"http://en.wikipedia.org/wiki/User_(computing)\" title=\"User (computing)\">user</a>\u00a0accounts. Many edits can be made in real-time and appear almost instantly online. This can facilitate abuse of the system. Private wiki servers require\u00a0<a href=\"http://en.wikipedia.org/wiki/Authentication\" title=\"Authentication\">user authentication</a>\u00a0to edit pages, and sometimes even to read them.</p>\n<p><a href=\"http://en.wikipedia.org/wiki/Maged_N._Kamel_Boulos\" title=\"Maged N. Kamel Boulos\">Maged N. Kamel Boulos</a>, Cito Maramba and\u00a0<a href=\"http://en.wikipedia.org/wiki/Steve_Wheeler\" title=\"Steve Wheeler\">Steve Wheeler</a>\u00a0write that it is the \"openness of wikis that gives rise to the concept of 'Darwikinism', which is a concept that describes the '<a class=\"mw-redirect\" href=\"http://en.wikipedia.org/wiki/Socially_Darwinian\" title=\"Socially Darwinian\">socially Darwinian</a>\u00a0process' that wiki pages are subject to. Basically, because of the openness of wikis and the rapidity with which wiki pages can be edited, the pages undergo a\u00a0<a href=\"http://en.wikipedia.org/wiki/Natural_selection\" title=\"Natural selection\">natural selection</a>process like that which nature subjects to living organisms. 'Unfit' sentences and sections are ruthlessly culled, edited and replaced if they are not considered 'fit', which hopefully results in the evolution of a higher quality and more relevant page. Whilst such openness may invite 'vandalism' and the posting of untrue information, this same openness also makes it possible to rapidly correct or restore a 'quality' wiki page.\"<a href=\"http://en.wikipedia.org/wiki/Wiki#cite_note-BMC-11\">[12]</a></p>", "rating_count": 1, "comments_count": 1, "user": 1, "featured_image": "", "short_url": null, "publish_date": "2012-06-13T14:25:03.588Z", "slug": "another-post", "gen_description": true}}, {"pk": 3, "model": "blog_fork.blogpost", "fields": {"status": 2, "expiry_date": null, "allow_comments": true, "description": "\nLatest free website templates\n\n\nTemplate #144\n\n\nTemplate #143\n\n\n\n\nBrowse all templates", "title": "Simple post", "rating_average": 0.0, "categories": [2], "site": 1, "keywords_string": "post simple", "content": "<div>\n<h3>Latest free website templates</h3>\n<div>\n<div class=\"thumb\"><a href=\"http://www.opensourcedesign.com/templates/144.html\"><img alt=\"Template #144\" border=\"0\" src=\"http://www.opensourcedesign.com/templates/img/144s.gif\"></a>\n<div class=\"under\"><a href=\"http://www.opensourcedesign.com/templates/144.html\">Template #144</a></div>\n</div>\n<div class=\"thumb\"><a href=\"http://www.opensourcedesign.com/templates/143.html\"><img alt=\"Template #143\" border=\"0\" src=\"http://www.opensourcedesign.com/templates/img/143s.gif\"></a>\n<div class=\"under\"><a href=\"http://www.opensourcedesign.com/templates/143.html\">Template #143</a></div>\n</div>\n<div class=\"thumb\"></div>\n</div>\n<div class=\"nav\">\n<p><a href=\"http://www.opensourcedesign.com/templates.html\">Browse all templates</a></p>\n<p>You can download any of the free designs on Open Source Design and use them on your website free of charge. Please read\u00a0<a href=\"http://www.opensourcedesign.com/terms.html\">Terms of Use</a>.<br>If you don't yet have a site but want to start one then we recommend seeking advice from\u00a0<a href=\"http://www.webhostingsearch.com/\" target=\"_blank\">a web hosting guide</a>\u00a0to help you out with the process.</p>\n</div>\n</div>\n<div>\n<div></div>\n<div>\n<div class=\"thumb\"><a href=\"http://www.opensourcedesign.com/templates/142.html\"><img alt=\"Template #142\" border=\"0\" src=\"http://www.opensourcedesign.com/templates/img/142s.gif\"></a>\n<div class=\"under\"><a href=\"http://www.opensourcedesign.com/templates/142.html\">Template #142</a></div>\n</div>\n<div class=\"thumb\"><a href=\"http://www.opensourcedesign.com/templates/141.html\"><img alt=\"Template #141\" border=\"0\" src=\"http://www.opensourcedesign.com/templates/img/141s.gif\"></a>\n<div class=\"under\"><a href=\"http://www.opensourcedesign.com/templates/141.html\">Template #141</a></div>\n</div>\n<div class=\"thumb\"><a href=\"http://www.opensourcedesign.com/templates/140.html\"><img alt=\"Template #140\" border=\"0\" src=\"http://www.opensourcedesign.com/templates/img/140s.gif\"></a>\n<div class=\"under\"><a href=\"http://www.opensourcedesign.com/templates/140.html\">Template #140</a></div>\n</div>\n<div class=\"thumb\"><a href=\"http://www.opensourcedesign.com/templates/139.html\"><img alt=\"Template #139\" border=\"0\" src=\"http://www.opensourcedesign.com/templates/img/139s.gif\"></a>\n<div class=\"under\"><a href=\"http://www.opensourcedesign.com/templates/139.html\">Template #139</a></div>\n</div>\n<div class=\"thumb\"><a href=\"http://www.opensourcedesign.com/templates/138.html\"><img alt=\"Template #138\" border=\"0\" src=\"http://www.opensourcedesign.com/templates/img/138s.gif\"></a>\n<div class=\"under\"><a href=\"http://www.opensourcedesign.com/templates/138.html\">Template #138</a></div>\n</div>\n<div class=\"thumb\"><a href=\"http://www.opensourcedesign.com/templates/137.html\"><img alt=\"Template #137\" border=\"0\" src=\"http://www.opensourcedesign.com/templates/img/137s.gif\"></a>\n<div class=\"under\"><a href=\"http://www.opensourcedesign.com/templates/137.html\">Template #137</a></div>\n</div>\n</div>\n<div class=\"bookmark\"></div>\n<div></div>\n</div>", "rating_count": 0, "comments_count": 0, "user": 1, "featured_image": "", "short_url": null, "publish_date": "2012-06-13T14:19:23.372Z", "slug": "simple-post", "gen_description": true}}, {"pk": 2, "model": "blog_fork.blogpost", "fields": {"status": 2, "expiry_date": null, "allow_comments": true, "description": "Frankfurt am Main\u00a0(\u00a0/\u02c8fr\u00e6\u014bkf\u0259rt/;\u00a0German pronunciation:\u00a0[\u02c8f\u0281a\u014bkf\u028a\u0250t am \u02c8ma\u026an]\u00a0(\u00a0listen)), commonly known as\u00a0Frankfurt, is the largest city in the\u00a0German state\u00a0of\u00a0Hesse\u00a0and the\u00a0fifth-largest city\u00a0in\u00a0Germany, with a 2011 population of 695,624.[2]\u00a0The\u00a0urban area\u00a0had an estimated population of 2,300,000 in 2010.[3]\u00a0The city is at the centre of the larger\u00a0Frankfurt Rhine-Main Metropolitan Region\u00a0which has a population of 5,600,000[4]\u00a0and is\u00a0Germany's second-largest metropolitan region.", "title": "And This is 2nd post, featuring image and category", "rating_average": 5.0, "categories": [1], "site": 1, "keywords_string": "", "content": "<p>Frankfurt am Main\u00a0(<img alt=\"play\" border=\"0\" height=\"11\" src=\"http://upload.wikimedia.org/wikipedia/commons/thumb/8/8a/Loudspeaker.svg/11px-Loudspeaker.svg.png\" width=\"11\">\u00a0<a href=\"http://en.wikipedia.org/wiki/Wikipedia:IPA_for_English\" title=\"Wikipedia:IPA for English\">/</a><a href=\"http://en.wikipedia.org/wiki/Wikipedia:IPA_for_English#Key\" title=\"Wikipedia:IPA for English\">\u02c8</a><a href=\"http://en.wikipedia.org/wiki/Wikipedia:IPA_for_English#Key\" title=\"Wikipedia:IPA for English\">f</a><a href=\"http://en.wikipedia.org/wiki/Wikipedia:IPA_for_English#Key\" title=\"Wikipedia:IPA for English\">r</a><a href=\"http://en.wikipedia.org/wiki/Wikipedia:IPA_for_English#Key\" title=\"Wikipedia:IPA for English\">\u00e6</a><a href=\"http://en.wikipedia.org/wiki/Wikipedia:IPA_for_English#Key\" title=\"Wikipedia:IPA for English\">\u014b</a><a href=\"http://en.wikipedia.org/wiki/Wikipedia:IPA_for_English#Key\" title=\"Wikipedia:IPA for English\">k</a><a href=\"http://en.wikipedia.org/wiki/Wikipedia:IPA_for_English#Key\" title=\"Wikipedia:IPA for English\">f</a><a href=\"http://en.wikipedia.org/wiki/Wikipedia:IPA_for_English#Key\" title=\"Wikipedia:IPA for English\">\u0259r</a><a href=\"http://en.wikipedia.org/wiki/Wikipedia:IPA_for_English#Key\" title=\"Wikipedia:IPA for English\">t</a><a href=\"http://en.wikipedia.org/wiki/Wikipedia:IPA_for_English\" title=\"Wikipedia:IPA for English\">/</a>;\u00a0German pronunciation:\u00a0<a href=\"http://en.wikipedia.org/wiki/Wikipedia:IPA_for_German\" title=\"Wikipedia:IPA for German\">[\u02c8f\u0281a\u014bkf\u028a\u0250t am \u02c8ma\u026an]</a>\u00a0(<a href=\"http://en.wikipedia.org/wiki/File:De-Frankfurt_am_Main-pronunciation.ogg\" title=\"File:De-Frankfurt am Main-pronunciation.ogg\"><img alt=\"\" border=\"0\" height=\"13\" src=\"http://upload.wikimedia.org/wikipedia/commons/thumb/2/21/Speaker_Icon.svg/13px-Speaker_Icon.svg.png\" width=\"13\"></a>\u00a0<a class=\"internal\" href=\"http://upload.wikimedia.org/wikipedia/commons/2/25/De-Frankfurt_am_Main.ogg\" title=\"De-Frankfurt am Main.ogg\">listen</a>)), commonly known as\u00a0Frankfurt, is the largest city in the\u00a0<a href=\"http://en.wikipedia.org/wiki/States_of_Germany\" title=\"States of Germany\">German state</a>\u00a0of\u00a0<a href=\"http://en.wikipedia.org/wiki/Hesse\" title=\"Hesse\">Hesse</a>\u00a0and the\u00a0<a class=\"mw-redirect\" href=\"http://en.wikipedia.org/wiki/List_of_cities_in_Germany_with_more_than_100,000_inhabitants\" title=\"List of cities in Germany with more than 100,000 inhabitants\">fifth-largest city</a>\u00a0in\u00a0<a href=\"http://en.wikipedia.org/wiki/Germany\" title=\"Germany\">Germany</a>, with a 2011 population of 695,624.<a href=\"http://en.wikipedia.org/wiki/Frankfurt#cite_note-city_pop-1\">[2]</a>\u00a0The\u00a0<a href=\"http://en.wikipedia.org/wiki/Largest_urban_areas_of_the_European_Union\" title=\"Largest urban areas of the European Union\">urban area</a>\u00a0had an estimated population of 2,300,000 in 2010.<a href=\"http://en.wikipedia.org/wiki/Frankfurt#cite_note-urban_area_pop-2\">[3]</a>\u00a0The city is at the centre of the larger\u00a0<a href=\"http://en.wikipedia.org/wiki/Frankfurt_Rhine-Main\" title=\"Frankfurt Rhine-Main\">Frankfurt Rhine-Main Metropolitan Region</a>\u00a0which has a population of 5,600,000<a href=\"http://en.wikipedia.org/wiki/Frankfurt#cite_note-3\">[4]</a>\u00a0and is\u00a0<a href=\"http://en.wikipedia.org/wiki/Metropolitan_regions_in_Germany\" title=\"Metropolitan regions in Germany\">Germany's second-largest metropolitan region</a>.</p>\n<p>Frankfurt is the\u00a0<a href=\"http://en.wikipedia.org/wiki/Finance\" title=\"Finance\">financial</a>\u00a0and\u00a0<a href=\"http://en.wikipedia.org/wiki/Transport_in_Germany\" title=\"Transport in Germany\">transportation</a>\u00a0centre of Germany and the largest\u00a0<a class=\"mw-redirect\" href=\"http://en.wikipedia.org/wiki/International_financial_centre\" title=\"International financial centre\">financial centre</a>\u00a0in\u00a0<a href=\"http://en.wikipedia.org/wiki/Continental_Europe\" title=\"Continental Europe\">continental Europe</a>. It is seat of the<a href=\"http://en.wikipedia.org/wiki/European_Central_Bank\" title=\"European Central Bank\">European Central Bank</a>, the\u00a0<a href=\"http://en.wikipedia.org/wiki/Deutsche_Bundesbank\" title=\"Deutsche Bundesbank\">German Federal Bank</a>, the\u00a0<a href=\"http://en.wikipedia.org/wiki/Frankfurt_Stock_Exchange\" title=\"Frankfurt Stock Exchange\">Frankfurt Stock Exchange</a>\u00a0and the\u00a0<a href=\"http://en.wikipedia.org/wiki/Frankfurt_Trade_Fair\" title=\"Frankfurt Trade Fair\">Frankfurt Trade Fair</a>, as well as several large commercial banks, e.g.\u00a0<a href=\"http://en.wikipedia.org/wiki/Deutsche_Bank\" title=\"Deutsche Bank\">Deutsche Bank</a>,\u00a0<a href=\"http://en.wikipedia.org/wiki/Commerzbank\" title=\"Commerzbank\">Commerzbank</a>\u00a0and\u00a0<a href=\"http://en.wikipedia.org/wiki/DZ_Bank\" title=\"DZ Bank\">DZ Bank</a>.\u00a0<a href=\"http://en.wikipedia.org/wiki/Frankfurt_Airport\" title=\"Frankfurt Airport\">Frankfurt Airport</a>\u00a0is one of the\u00a0<a href=\"http://en.wikipedia.org/wiki/World%27s_busiest_airports_by_passenger_traffic\" title=\"World's busiest airports by passenger traffic\">world's busiest international airports</a>,<a class=\"mw-redirect\" href=\"http://en.wikipedia.org/wiki/Frankfurt_(Main)_Hauptbahnhof\" title=\"Frankfurt (Main) Hauptbahnhof\">Frankfurt Central Station</a>\u00a0is one of the largest\u00a0<a class=\"mw-redirect\" href=\"http://en.wikipedia.org/wiki/Terminal_station\" title=\"Terminal station\">terminal stations</a>\u00a0in Europe, and the\u00a0<a href=\"http://en.wikipedia.org/wiki/Frankfurter_Kreuz\" title=\"Frankfurter Kreuz\">Frankfurter Kreuz</a>\u00a0is one of the most heavily used<a class=\"mw-redirect\" href=\"http://en.wikipedia.org/wiki/Autobahn\" title=\"Autobahn\">Autobahn</a>\u00a0<a href=\"http://en.wikipedia.org/wiki/Interchange_(road)\" title=\"Interchange (road)\">interchanges</a>\u00a0in Europe. Frankfurt lies in the former\u00a0<a class=\"mw-redirect\" href=\"http://en.wikipedia.org/wiki/Allied_Occupation_Zones_in_Germany\" title=\"Allied Occupation Zones in Germany\">American Occupation Zone</a>\u00a0of Germany, and it was formerly the headquarters city of the U.S. Army in Germany.</p>\n<p>Frankfurt is an international centre for\u00a0<a href=\"http://en.wikipedia.org/wiki/Finance\" title=\"Finance\">finance</a>,\u00a0<a href=\"http://en.wikipedia.org/wiki/Commerce\" title=\"Commerce\">commerce</a>,\u00a0<a href=\"http://en.wikipedia.org/wiki/Culture\" title=\"Culture\">culture</a>,\u00a0<a href=\"http://en.wikipedia.org/wiki/Transport\" title=\"Transport\">transport</a>,\u00a0<a href=\"http://en.wikipedia.org/wiki/Education\" title=\"Education\">education</a>\u00a0and\u00a0<a href=\"http://en.wikipedia.org/wiki/Tourism\" title=\"Tourism\">tourism</a>. It is therefore considered an\u00a0<a href=\"http://en.wikipedia.org/wiki/Global_city\" title=\"Global city\">alpha world city</a>\u00a0as listed by the\u00a0<a href=\"http://en.wikipedia.org/wiki/Loughborough_University\" title=\"Loughborough University\">Loughborough University</a>\u00a0group's 2010 inventory. It was ranked 10th among global cities by the\u00a0<a href=\"http://en.wikipedia.org/wiki/Global_city#Global_Power_City_Index\" title=\"Global city\">Global Power City Index 2011</a>, 11th by the\u00a0<a href=\"http://en.wikipedia.org/wiki/Global_city#Global_City_Competitiveness_Index\" title=\"Global city\">Global City Competitiveness Index 2012</a>\u00a0and 8th among international financial centers by the\u00a0<a href=\"http://en.wikipedia.org/wiki/Financial_centre#International_Financial_Centers_Development_Index\" title=\"Financial centre\">International Financial Centers Development Index 2011</a>.</p>\n<p>In 2011, the human-resource-consulting firm\u00a0<a href=\"http://en.wikipedia.org/wiki/Mercer_(consulting_firm)\" title=\"Mercer (consulting firm)\">Mercer</a>\u00a0ranked Frankfurt as seventh in its annual \"Quality of Living\" survey of cities around the world.<a href=\"http://en.wikipedia.org/wiki/Frankfurt#cite_note-4\">[5]</a>\u00a0According to\u00a0<a href=\"http://en.wikipedia.org/wiki/The_Economist\" title=\"The Economist\">The Economist</a>\u00a0cost of living survey, Frankfurt is Germany\u2019s most expensive city, and the 10th most expensive in the world.<a href=\"http://en.wikipedia.org/wiki/Frankfurt#cite_note-5\">[6]</a></p>", "rating_count": 1, "comments_count": 0, "user": 1, "featured_image": "uploads/gallery/Frankfurt%2C%20Germany_28.jpg", "short_url": null, "publish_date": "2012-06-13T12:33:44Z", "slug": "and-this-is-2nd-post-featuring-image-and-category", "gen_description": true}}, {"pk": 1, "model": "blog_fork.blogpost", "fields": {"status": 2, "expiry_date": null, "allow_comments": true, "description": "This is sample post.", "title": "1st post", "rating_average": 2.0, "categories": [], "site": 1, "keywords_string": "post first", "content": "<p>This is sample post.</p>\n<h1>dropdb</h1>\n<div class=\"REFNAMEDIV\"><a name=\"AEN62252\"></a>\n<h2>Name</h2>\ndropdb\u00a0--\u00a0remove a\u00a0PostgreSQL\u00a0database</div>\n<p><a name=\"AEN62256\"></a></p>\n<div class=\"REFSYNOPSISDIV\"><a name=\"AEN62258\"></a>\n<h2>Synopsis</h2>\n<p>dropdb\u00a0[option...]\u00a0dbname</p>\n</div>\n<div class=\"REFSECT1\"><a name=\"AEN62265\"></a>\n<h2>Description</h2>\n<p>dropdb\u00a0destroys an existing\u00a0PostgreSQL\u00a0database. The user who executes this command must be a database superuser or the owner of the database.</p>\n<p>dropdb\u00a0is a wrapper around the\u00a0SQL\u00a0command\u00a0<a class=\"c3\" href=\"http://www.postgresql.org/docs/8.3/static/sql-dropdatabase.html\">DROP DATABASE</a>. There is no effective difference between dropping databases via this utility and via other methods for accessing the server.</p>\n</div>\n<div class=\"REFSECT1\"><a name=\"AEN62274\"></a>\n<h2>Options</h2>\n<p>dropdb\u00a0accepts the following command-line arguments:</p>\n<div class=\"VARIABLELIST\"><dl><dt>dbname</dt><dd>\n<p>Specifies the name of the database to be removed.</p>\n</dd><dt>-e<br>--echo</dt><dd>\n<p>Echo the commands that\u00a0dropdb\u00a0generates and sends to the server.</p>\n</dd><dt>-i<br>--interactive</dt><dd>\n<p>Issues a verification prompt before doing anything destructive.</p>\n</dd></dl></div>\n<p>dropdb\u00a0also accepts the following command-line arguments for connection parameters:</p>\n<div class=\"VARIABLELIST\"><dl><dt>-h\u00a0host<br>--host\u00a0host</dt><dd>\n<p>Specifies the host name of the machine on which the server is running. If the value begins with a slash, it is used as the directory for the Unix domain socket.</p>\n</dd><dt>-p\u00a0port<br>--port\u00a0port</dt><dd>\n<p>Specifies the TCP port or local Unix domain socket file extension on which the server is listening for connections.</p>\n</dd><dt>-U\u00a0username<br>--username\u00a0username</dt><dd>\n<p>User name to connect as.</p>\n</dd><dt>-W<br>--password</dt><dd>\n<p>Force\u00a0dropdb\u00a0to prompt for a password before connecting to a database.</p>\n<p>This option is never essential, since\u00a0dropdb\u00a0will automatically prompt for a password if the server demands password authentication. However,\u00a0dropdb\u00a0will waste a connection attempt finding out that the server wants a password. In some cases it is worth typing\u00a0-W\u00a0to avoid the extra connection attempt.</p>\n</dd></dl></div>\n</div>", "rating_count": 1, "comments_count": 0, "user": 1, "featured_image": "", "short_url": null, "publish_date": "2012-06-13T12:18:23Z", "slug": "1st-post", "gen_description": true}}, {"pk": 26, "model": "admin.logentry", "fields": {"action_flag": 1, "action_time": "2012-06-15T07:30:19.483Z", "object_repr": "This post should show pages in footer", "object_id": "6", "change_message": "", "user": 1, "content_type": 36}}, {"pk": 25, "model": "admin.logentry", "fields": {"action_flag": 1, "action_time": "2012-06-15T07:29:50.118Z", "object_repr": "This is test post", "object_id": "5", "change_message": "", "user": 1, "content_type": 36}}, {"pk": 24, "model": "admin.logentry", "fields": {"action_flag": 1, "action_time": "2012-06-13T14:26:12.940Z", "object_repr": "Candids / Upload Image", "object_id": "17", "change_message": "", "user": 1, "content_type": 15}}, {"pk": 23, "model": "admin.logentry", "fields": {"action_flag": 1, "action_time": "2012-06-13T14:25:03.617Z", "object_repr": "Another Post", "object_id": "4", "change_message": "", "user": 1, "content_type": 36}}, {"pk": 22, "model": "admin.logentry", "fields": {"action_flag": 2, "action_time": "2012-06-13T14:22:29.760Z", "object_repr": "Simple post", "object_id": "3", "change_message": "Changed content.", "user": 1, "content_type": 36}}, {"pk": 21, "model": "admin.logentry", "fields": {"action_flag": 1, "action_time": "2012-06-13T14:19:23.489Z", "object_repr": "Simple post", "object_id": "3", "change_message": "", "user": 1, "content_type": 36}}, {"pk": 20, "model": "admin.logentry", "fields": {"action_flag": 1, "action_time": "2012-06-13T14:18:17.456Z", "object_repr": "Simple", "object_id": "2", "change_message": "", "user": 1, "content_type": 37}}, {"pk": 19, "model": "admin.logentry", "fields": {"action_flag": 2, "action_time": "2012-06-13T14:17:40.385Z", "object_repr": "Upgrades", "object_id": "9", "change_message": "Changed content.", "user": 1, "content_type": 20}}, {"pk": 18, "model": "admin.logentry", "fields": {"action_flag": 2, "action_time": "2012-06-13T14:17:03.026Z", "object_repr": "Downgrades", "object_id": "12", "change_message": "Changed content.", "user": 1, "content_type": 20}}, {"pk": 17, "model": "admin.logentry", "fields": {"action_flag": 2, "action_time": "2012-06-13T13:45:56.149Z", "object_repr": "And This is 2nd post, featuring image and category", "object_id": "2", "change_message": "Changed categories and content.", "user": 1, "content_type": 36}}, {"pk": 16, "model": "admin.logentry", "fields": {"action_flag": 2, "action_time": "2012-06-13T12:43:01.369Z", "object_repr": "1st post", "object_id": "1", "change_message": "Changed content and keywords.", "user": 1, "content_type": 36}}, {"pk": 15, "model": "admin.logentry", "fields": {"action_flag": 2, "action_time": "2012-06-13T12:34:08.878Z", "object_repr": "1st post", "object_id": "1", "change_message": "Changed content.", "user": 1, "content_type": 36}}, {"pk": 14, "model": "admin.logentry", "fields": {"action_flag": 1, "action_time": "2012-06-13T12:33:44.631Z", "object_repr": "And This is 2nd post, featuring image and category", "object_id": "2", "change_message": "", "user": 1, "content_type": 36}}, {"pk": 13, "model": "admin.logentry", "fields": {"action_flag": 1, "action_time": "2012-06-13T12:32:30.847Z", "object_repr": "New category", "object_id": "1", "change_message": "", "user": 1, "content_type": 37}}, {"pk": 12, "model": "admin.logentry", "fields": {"action_flag": 1, "action_time": "2012-06-13T12:25:54.107Z", "object_repr": "FAQ", "object_id": "16", "change_message": "", "user": 1, "content_type": 20}}, {"pk": 11, "model": "admin.logentry", "fields": {"action_flag": 2, "action_time": "2012-06-13T12:24:37.907Z", "object_repr": "Candids", "object_id": "8", "change_message": "Changed in_footer.", "user": 1, "content_type": 22}}, {"pk": 10, "model": "admin.logentry", "fields": {"action_flag": 2, "action_time": "2012-06-13T12:24:12.672Z", "object_repr": "Blog", "object_id": "2", "change_message": "Changed in_navigation and in_footer.", "user": 1, "content_type": 20}}, {"pk": 9, "model": "admin.logentry", "fields": {"action_flag": 2, "action_time": "2012-06-13T12:22:11.849Z", "object_repr": "Blog", "object_id": "2", "change_message": "Changed status.", "user": 1, "content_type": 20}}, {"pk": 8, "model": "admin.logentry", "fields": {"action_flag": 1, "action_time": "2012-06-13T12:18:23.244Z", "object_repr": "1st post", "object_id": "1", "change_message": "", "user": 1, "content_type": 36}}, {"pk": 7, "model": "admin.logentry", "fields": {"action_flag": 2, "action_time": "2012-06-13T12:01:09.955Z", "object_repr": "Advertise", "object_id": "1", "change_message": "Changed title and content.", "user": 1, "content_type": 20}}, {"pk": 6, "model": "admin.logentry", "fields": {"action_flag": 3, "action_time": "2012-06-13T12:00:14.344Z", "object_repr": "About / History", "object_id": "5", "change_message": "", "user": 1, "content_type": 19}}, {"pk": 5, "model": "admin.logentry", "fields": {"action_flag": 3, "action_time": "2012-06-13T12:00:08.805Z", "object_repr": "About / Team", "object_id": "4", "change_message": "", "user": 1, "content_type": 19}}, {"pk": 4, "model": "admin.logentry", "fields": {"action_flag": 3, "action_time": "2012-06-13T11:59:53.277Z", "object_repr": "Contact / Legals", "object_id": "6", "change_message": "", "user": 1, "content_type": 19}}, {"pk": 3, "model": "admin.logentry", "fields": {"action_flag": 2, "action_time": "2012-06-13T11:59:30.409Z", "object_repr": "Contact Us", "object_id": "3", "change_message": "Changed title. Added Field \"Site\". Added Field \"File Upload\".", "user": 1, "content_type": 15}}, {"pk": 2, "model": "admin.logentry", "fields": {"action_flag": 2, "action_time": "2012-06-13T11:57:20.686Z", "object_repr": "Candids", "object_id": "8", "change_message": "Changed title. Changed file and description for Image \"\u00c1vila  Spain 1\". Changed file and description for Image \"D\u00fcsseldorf  Germany 1\".", "user": 1, "content_type": 22}}, {"pk": 1, "model": "admin.logentry", "fields": {"action_flag": 1, "action_time": "2012-06-10T13:05:09.925Z", "object_repr": "dsad", "object_id": "1", "change_message": "", "user": 1, "content_type": 13}}, {"pk": 1, "model": "comments.comment", "fields": {"comment": "1st comment.", "user_url": "", "submit_date": "2012-06-13T14:26:58.978Z", "ip_address": "46.73.9.98", "object_pk": "4", "site": 1, "is_removed": false, "user": 1, "content_type": 36, "is_public": true, "user_name": "admin", "user_email": "example@example.com"}}]

